Data,Ostatnio,Otwarcie,Max.,Min.,Wol.,Zmiana%
01.03.2021,"1.949,57","1.925,94","1.950,47","1.917,58","29,77M","2,22%"
26.02.2021,"1.907,28","1.912,25","1.928,90","1.888,55","54,39M","-1,51%"
25.02.2021,"1.936,47","1.955,61","1.967,63","1.936,13","32,92M","-0,07%"
24.02.2021,"1.937,90","1.926,18","1.954,22","1.924,64","27,51M","0,80%"
23.02.2021,"1.922,59","1.969,01","1.976,38","1.895,02","31,47M","-1,99%"
22.02.2021,"1.961,62","1.978,70","1.978,70","1.958,36","23,61M","-1,19%"
19.02.2021,"1.985,31","1.985,99","1.998,69","1.971,80","28,90M","0,23%"
18.02.2021,"1.980,77","1.990,16","2.020,46","1.978,88","34,65M","-0,30%"
17.02.2021,"1.986,80","2.005,98","2.008,20","1.980,26","28,84M","-0,88%"
16.02.2021,"2.004,54","1.977,89","2.022,16","1.976,58","32,79M","1,50%"
15.02.2021,"1.974,82","1.946,97","1.980,77","1.946,97","16,08M","1,95%"
12.02.2021,"1.937,07","1.951,43","1.953,69","1.919,72","15,01M","-0,91%"
11.02.2021,"1.954,92","1.922,62","1.961,69","1.922,62","19,74M","1,95%"
10.02.2021,"1.917,54","1.947,63","1.954,36","1.910,15","18,76M","-1,24%"
09.02.2021,"1.941,60","1.954,67","1.958,14","1.935,49","19,00M","-0,54%"
08.02.2021,"1.952,10","1.970,16","1.975,67","1.948,48","21,30M","-0,29%"
05.02.2021,"1.957,73","1.937,72","1.971,28","1.934,96","19,16M","1,59%"
04.02.2021,"1.927,02","1.945,60","1.961,12","1.924,95","20,88M","-0,70%"
03.02.2021,"1.940,69","1.961,77","1.973,74","1.934,98","24,77M","-0,68%"
02.02.2021,"1.954,02","1.973,17","1.981,43","1.942,60","24,58M","-0,70%"
01.02.2021,"1.967,72","1.960,96","1.975,94","1.945,82","23,10M","1,01%"
29.01.2021,"1.948,01","1.965,76","1.985,52","1.938,85","37,30M","-2,00%"
28.01.2021,"1.987,83","1.913,71","1.992,75","1.885,24","37,51M","3,04%"
27.01.2021,"1.929,21","1.981,07","1.998,12","1.916,09","40,98M","-2,66%"
26.01.2021,"1.981,98","1.936,78","1.988,24","1.932,69","28,11M","1,86%"
25.01.2021,"1.945,78","1.961,37","1.966,76","1.927,45","22,89M","-0,35%"
22.01.2021,"1.952,67","1.945,01","1.965,14","1.934,61","21,14M","-0,04%"
21.01.2021,"1.953,49","1.997,58","2.007,64","1.948,97","25,60M","-1,64%"
20.01.2021,"1.986,09","1.983,49","1.998,43","1.960,82","26,55M","0,30%"
19.01.2021,"1.980,12","2.034,26","2.047,11","1.980,12","32,70M","-2,16%"
18.01.2021,"2.023,74","1.985,59","2.023,74","1.970,06","32,64M","1,92%"
15.01.2021,"1.985,68","2.026,35","2.031,08","1.969,41","31,25M","-2,27%"
14.01.2021,"2.031,71","2.023,83","2.037,57","2.019,66","25,10M","0,41%"
13.01.2021,"2.023,36","2.050,24","2.058,87","2.009,42","38,72M","-1,00%"
12.01.2021,"2.043,73","2.073,81","2.086,11","2.026,96","25,29M","-1,12%"
11.01.2021,"2.066,97","2.067,33","2.100,33","2.043,05","30,64M","-0,28%"
08.01.2021,"2.072,74","2.080,50","2.095,67","2.060,20","42,48M","-0,07%"
07.01.2021,"2.074,11","2.040,48","2.074,11","2.028,43","38,31M","3,23%"
05.01.2021,"2.009,12","2.004,64","2.031,72","1.994,13","29,86M","0,02%"
04.01.2021,"2.008,75","1.994,28","2.020,04","1.991,46","29,39M","1,25%"
30.12.2020,"1.983,98","2.019,48","2.019,48","1.982,15","24,18M","-1,59%"
29.12.2020,"2.016,01","2.015,02","2.033,03","2.002,58","19,09M","0,58%"
28.12.2020,"2.004,41","1.969,45","2.005,62","1.969,45","24,15M","2,48%"
23.12.2020,"1.955,84","1.934,03","1.958,16","1.927,07","18,89M","1,42%"
22.12.2020,"1.928,40","1.896,48","1.931,66","1.896,29","19,82M","2,10%"
21.12.2020,"1.888,80","1.929,14","1.935,22","1.851,23","39,62M","-3,26%"
18.12.2020,"1.952,54","1.981,62","1.983,94","1.947,14","61,28M","-1,18%"
17.12.2020,"1.975,76","1.997,91","2.014,44","1.949,99","43,58M","-0,48%"
16.12.2020,"1.985,26","1.963,84","1.996,40","1.963,84","34,10M","1,51%"
15.12.2020,"1.955,69","1.938,79","1.963,56","1.933,23","27,79M","0,86%"
14.12.2020,"1.939,07","1.956,48","1.961,77","1.916,03","34,17M","-0,60%"
11.12.2020,"1.950,85","1.985,51","1.992,09","1.927,53","38,52M","-1,67%"
10.12.2020,"1.984,00","1.995,63","2.008,96","1.975,26","40,47M","-0,51%"
09.12.2020,"1.994,12","1.976,65","2.023,91","1.976,65","57,96M","1,21%"
08.12.2020,"1.970,27","1.941,14","1.970,27","1.933,68","33,49M","0,60%"
07.12.2020,"1.958,53","1.949,61","1.965,92","1.926,87","32,12M","0,56%"
04.12.2020,"1.947,68","1.894,40","1.952,28","1.894,35","28,41M","3,05%"
03.12.2020,"1.890,11","1.900,94","1.903,32","1.880,22","29,80M","-0,41%"
02.12.2020,"1.897,97","1.855,33","1.899,37","1.845,44","27,34M","2,41%"
01.12.2020,"1.853,38","1.844,33","1.871,17","1.844,33","26,82M","1,28%"
30.11.2020,"1.830,04","1.845,96","1.851,37","1.817,83","70,55M","-1,22%"
27.11.2020,"1.852,69","1.846,73","1.853,78","1.834,69","20,43M","0,17%"
26.11.2020,"1.849,57","1.865,67","1.873,96","1.844,11","17,69M","-0,57%"
25.11.2020,"1.860,15","1.866,15","1.866,15","1.840,63","28,02M","0,04%"
24.11.2020,"1.859,42","1.841,11","1.861,39","1.831,12","26,74M","1,49%"
23.11.2020,"1.832,04","1.835,53","1.860,73","1.823,32","26,24M","0,61%"
20.11.2020,"1.820,85","1.788,48","1.821,30","1.780,11","24,02M","1,74%"
19.11.2020,"1.789,79","1.803,49","1.806,98","1.782,02","25,26M","-1,14%"
18.11.2020,"1.810,43","1.792,17","1.812,80","1.787,08","31,03M","0,94%"
17.11.2020,"1.793,56","1.797,57","1.801,73","1.775,91","38,78M","-0,30%"
16.11.2020,"1.799,02","1.764,10","1.799,36","1.764,10","46,54M","2,84%"
13.11.2020,"1.749,41","1.768,19","1.768,51","1.743,81","25,82M","-1,25%"
12.11.2020,"1.771,49","1.777,24","1.791,08","1.761,91","52,04M","-0,44%"
10.11.2020,"1.779,34","1.768,90","1.794,79","1.741,62","55,22M","0,77%"
09.11.2020,"1.765,71","1.707,52","1.788,27","1.697,78","59,97M","4,02%"
06.11.2020,"1.697,49","1.665,72","1.702,98","1.654,60","29,42M","1,62%"
05.11.2020,"1.670,43","1.654,61","1.678,40","1.649,07","29,24M","1,80%"
04.11.2020,"1.640,94","1.622,29","1.641,78","1.590,72","32,89M","0,28%"
03.11.2020,"1.636,28","1.564,86","1.636,90","1.564,75","42,71M","5,15%"
02.11.2020,"1.556,14","1.526,20","1.563,93","1.526,20","35,37M","2,65%"
30.10.2020,"1.515,97","1.528,78","1.535,27","1.496,76","40,06M","-1,74%"
29.10.2020,"1.542,76","1.557,47","1.567,72","1.529,15","36,97M","-0,45%"
28.10.2020,"1.549,74","1.605,43","1.610,05","1.534,87","39,35M","-4,66%"
27.10.2020,"1.625,54","1.635,42","1.653,11","1.612,59","29,28M","-0,38%"
26.10.2020,"1.631,66","1.635,49","1.645,46","1.627,61","21,45M","-0,83%"
23.10.2020,"1.645,32","1.643,34","1.661,16","1.638,76","61,47M","0,16%"
22.10.2020,"1.642,70","1.634,69","1.664,37","1.627,13","27,41M","0,08%"
21.10.2020,"1.641,42","1.656,97","1.663,23","1.634,28","21,08M","-0,90%"
20.10.2020,"1.656,34","1.647,95","1.667,16","1.638,20","23,65M","0,50%"
19.10.2020,"1.648,11","1.663,75","1.681,74","1.640,82","22,94M","-0,44%"
16.10.2020,"1.655,36","1.635,02","1.665,80","1.635,02","37,75M","1,71%"
15.10.2020,"1.627,59","1.660,64","1.660,64","1.625,10","37,93M","-2,55%"
14.10.2020,"1.670,26","1.658,04","1.691,64","1.657,90","50,00M","0,61%"
13.10.2020,"1.660,12","1.685,25","1.685,25","1.659,10","26,02M","-1,37%"
12.10.2020,"1.683,21","1.701,76","1.707,30","1.681,87","25,09M","-0,92%"
09.10.2020,"1.698,91","1.718,45","1.718,45","1.679,01","27,42M","-1,22%"
08.10.2020,"1.719,91","1.742,29","1.746,68","1.711,56","22,05M","-0,96%"
07.10.2020,"1.736,61","1.736,62","1.741,18","1.715,75","23,83M","0,07%"
06.10.2020,"1.735,45","1.739,86","1.749,28","1.733,17","26,46M","0,21%"
05.10.2020,"1.731,85","1.710,14","1.739,17","1.710,14","20,26M","2,03%"
02.10.2020,"1.697,39","1.690,04","1.704,58","1.675,20","18,30M","0,19%"
01.10.2020,"1.694,18","1.719,55","1.723,85","1.687,54","22,31M","-1,08%"
30.09.2020,"1.712,73","1.713,01","1.719,15","1.700,49","25,68M","-0,32%"
29.09.2020,"1.718,21","1.737,48","1.737,48","1.718,21","21,35M","-1,16%"
28.09.2020,"1.738,44","1.686,57","1.738,44","1.686,57","37,98M","3,84%"
25.09.2020,"1.674,14","1.666,65","1.678,51","1.658,33","44,11M","0,49%"
24.09.2020,"1.665,96","1.677,73","1.679,59","1.657,57","24,21M","-1,15%"
23.09.2020,"1.685,40","1.701,26","1.712,27","1.684,92","26,00M","-0,45%"
22.09.2020,"1.693,09","1.689,60","1.704,40","1.682,55","31,72M","0,64%"
21.09.2020,"1.682,26","1.724,89","1.753,50","1.682,26","51,95M","-2,86%"
18.09.2020,"1.731,76","1.745,91","1.751,25","1.729,30","48,98M","-0,80%"
17.09.2020,"1.745,73","1.736,81","1.745,87","1.714,95","31,09M","0,44%"
16.09.2020,"1.738,10","1.746,94","1.750,73","1.731,28","27,37M","-0,33%"
15.09.2020,"1.743,93","1.760,55","1.764,38","1.737,55","32,47M","-0,84%"
14.09.2020,"1.758,65","1.783,55","1.787,90","1.757,93","20,62M","-0,80%"
11.09.2020,"1.772,89","1.767,42","1.777,91","1.764,66","15,96M","0,45%"
10.09.2020,"1.764,86","1.776,48","1.783,39","1.751,06","17,67M","-0,48%"
09.09.2020,"1.773,37","1.735,58","1.775,98","1.735,58","22,51M","2,28%"
08.09.2020,"1.733,88","1.778,86","1.781,04","1.720,07","33,90M","-2,20%"
07.09.2020,"1.772,85","1.765,37","1.780,44","1.761,96","16,04M","0,84%"
04.09.2020,"1.758,11","1.754,65","1.773,65","1.743,89","19,74M","-0,63%"
03.09.2020,"1.769,19","1.787,62","1.805,22","1.764,04","26,37M","-0,91%"
02.09.2020,"1.785,44","1.777,15","1.796,80","1.777,15","32,16M","0,72%"
01.09.2020,"1.772,61","1.803,77","1.807,77","1.768,12","30,29M","-1,53%"
31.08.2020,"1.800,21","1.832,66","1.839,06","1.793,96","33,68M","-1,62%"
28.08.2020,"1.829,79","1.842,36","1.850,46","1.826,96","13,67M","-0,90%"
27.08.2020,"1.846,50","1.846,42","1.854,84","1.833,90","13,56M","-0,10%"
26.08.2020,"1.848,35","1.817,91","1.848,77","1.815,16","14,17M","1,49%"
25.08.2020,"1.821,29","1.847,98","1.858,14","1.820,34","14,76M","-1,10%"
24.08.2020,"1.841,46","1.830,14","1.843,75","1.827,39","13,22M","1,15%"
21.08.2020,"1.820,60","1.824,52","1.831,28","1.813,79","13,13M","0,31%"
20.08.2020,"1.815,03","1.829,52","1.829,52","1.811,88","12,59M","-0,99%"
19.08.2020,"1.833,22","1.838,62","1.847,84","1.831,01","14,30M","-0,39%"
18.08.2020,"1.840,33","1.859,11","1.859,11","1.837,20","19,94M","-1,17%"
17.08.2020,"1.862,12","1.856,46","1.865,94","1.844,30","12,79M","0,30%"
14.08.2020,"1.856,56","1.857,47","1.857,47","1.840,77","10,71M","-0,10%"
13.08.2020,"1.858,35","1.856,65","1.881,46","1.854,78","14,61M","0,13%"
12.08.2020,"1.855,86","1.848,54","1.856,84","1.839,14","17,23M","0,44%"
11.08.2020,"1.847,73","1.830,21","1.857,95","1.822,13","23,94M","1,35%"
10.08.2020,"1.823,15","1.822,48","1.832,65","1.812,95","16,62M","0,33%"
07.08.2020,"1.817,23","1.818,62","1.824,29","1.809,07","21,92M","-0,08%"
06.08.2020,"1.818,64","1.834,67","1.841,68","1.810,63","19,95M","-0,79%"
05.08.2020,"1.833,20","1.819,96","1.844,20","1.819,96","24,20M","1,20%"
04.08.2020,"1.811,46","1.813,70","1.831,17","1.804,30","20,23M","0,39%"
03.08.2020,"1.804,38","1.769,31","1.815,50","1.768,56","20,03M","2,08%"
31.07.2020,"1.767,54","1.767,31","1.793,13","1.765,42","36,03M","0,25%"
30.07.2020,"1.763,22","1.827,17","1.827,17","1.762,74","38,55M","-3,36%"
29.07.2020,"1.824,53","1.819,40","1.828,24","1.804,21","26,31M","0,06%"
28.07.2020,"1.823,52","1.831,03","1.841,46","1.806,06","33,30M","-0,40%"
27.07.2020,"1.830,87","1.811,40","1.833,80","1.805,84","29,47M","1,13%"
24.07.2020,"1.810,33","1.809,50","1.810,65","1.790,53","20,02M","-0,54%"
23.07.2020,"1.820,25","1.837,64","1.842,84","1.817,78","22,44M","-0,57%"
22.07.2020,"1.830,61","1.844,74","1.847,00","1.830,61","28,04M","-0,80%"
21.07.2020,"1.845,34","1.852,56","1.884,22","1.840,87","63,35M","0,26%"
20.07.2020,"1.840,60","1.795,09","1.840,60","1.789,04","43,20M","2,48%"
17.07.2020,"1.796,04","1.800,70","1.800,70","1.785,44","28,25M","-0,17%"
16.07.2020,"1.799,08","1.791,04","1.799,18","1.780,17","24,07M","0,24%"
15.07.2020,"1.794,78","1.783,18","1.798,58","1.779,98","31,62M","1,30%"
14.07.2020,"1.771,70","1.797,85","1.798,40","1.763,64","37,54M","-1,66%"
13.07.2020,"1.801,64","1.806,55","1.814,47","1.799,91","22,25M","0,24%"
10.07.2020,"1.797,27","1.781,84","1.797,27","1.772,50","19,02M","0,31%"
09.07.2020,"1.791,68","1.791,68","1.802,31","1.789,08","23,15M","0,19%"
08.07.2020,"1.788,22","1.797,88","1.797,88","1.780,87","18,72M","-0,71%"
07.07.2020,"1.800,93","1.816,46","1.816,46","1.794,61","21,87M","-0,97%"
06.07.2020,"1.818,55","1.820,81","1.833,77","1.808,34","21,28M","0,98%"
03.07.2020,"1.800,96","1.811,07","1.812,22","1.796,23","15,91M","-0,17%"
02.07.2020,"1.804,01","1.778,45","1.809,74","1.778,45","36,33M","1,78%"
01.07.2020,"1.772,38","1.760,72","1.774,79","1.739,93","30,48M","0,77%"
30.06.2020,"1.758,82","1.770,24","1.777,07","1.754,41","33,78M","-0,60%"
29.06.2020,"1.769,47","1.758,46","1.771,21","1.750,91","32,08M","0,57%"
26.06.2020,"1.759,43","1.799,33","1.800,49","1.759,37","27,87M","-1,89%"
25.06.2020,"1.793,36","1.781,84","1.798,80","1.759,21","33,80M","0,51%"
24.06.2020,"1.784,23","1.830,39","1.836,89","1.784,23","38,48M","-2,29%"
23.06.2020,"1.825,99","1.807,10","1.847,33","1.806,21","44,38M","1,61%"
22.06.2020,"1.797,05","1.805,25","1.807,19","1.786,99","43,85M","-0,60%"
19.06.2020,"1.807,85","1.791,68","1.809,23","1.791,68","91,77M","0,67%"
18.06.2020,"1.795,86","1.787,90","1.804,13","1.780,45","75,87M","0,45%"
17.06.2020,"1.787,81","1.807,91","1.812,65","1.780,94","50,20M","-0,57%"
16.06.2020,"1.798,00","1.765,17","1.811,70","1.765,17","66,68M","3,25%"
15.06.2020,"1.741,47","1.767,35","1.767,35","1.735,27","89,29M","-2,65%"
12.06.2020,"1.788,83","1.792,35","1.812,33","1.754,16","89,47M","-2,84%"
10.06.2020,"1.841,18","1.840,10","1.846,29","1.817,06","99,91M","0,30%"
09.06.2020,"1.835,59","1.848,11","1.856,66","1.811,96","63,66M","-0,31%"
08.06.2020,"1.841,25","1.842,22","1.852,69","1.813,02","47,83M","-0,07%"
05.06.2020,"1.842,47","1.794,38","1.847,95","1.794,38","59,25M","3,13%"
04.06.2020,"1.786,58","1.765,60","1.786,58","1.755,73","48,70M","1,12%"
03.06.2020,"1.766,85","1.741,91","1.780,86","1.741,36","61,76M","1,76%"
02.06.2020,"1.736,36","1.735,86","1.739,48","1.722,50","48,47M","0,16%"
01.06.2020,"1.733,52","1.733,13","1.749,58","1.722,77","36,71M","0,63%"
29.05.2020,"1.722,65","1.718,19","1.722,65","1.699,32","76,82M","0,24%"
28.05.2020,"1.718,45","1.722,43","1.757,78","1.694,60","59,31M","0,64%"
27.05.2020,"1.707,59","1.713,73","1.763,02","1.705,09","59,90M","-0,12%"
26.05.2020,"1.709,71","1.657,26","1.712,64","1.657,26","58,20M","3,95%"
25.05.2020,"1.644,74","1.639,26","1.650,39","1.634,34","12,11M","0,88%"
22.05.2020,"1.630,44","1.632,27","1.635,98","1.617,76","19,97M","-0,45%"
21.05.2020,"1.637,84","1.651,03","1.653,92","1.636,24","22,16M","-0,90%"
20.05.2020,"1.652,64","1.640,26","1.662,20","1.634,44","24,02M","0,76%"
19.05.2020,"1.640,18","1.651,08","1.658,34","1.629,29","24,49M","0,07%"
18.05.2020,"1.639,08","1.585,92","1.639,08","1.585,92","29,45M","4,23%"
15.05.2020,"1.572,55","1.585,51","1.597,04","1.568,38","18,37M","-0,42%"
14.05.2020,"1.579,16","1.605,68","1.605,68","1.559,52","26,39M","-2,18%"
13.05.2020,"1.614,32","1.615,90","1.634,77","1.607,00","24,39M","-0,50%"
12.05.2020,"1.622,51","1.589,69","1.624,52","1.584,01","29,57M","2,22%"
11.05.2020,"1.587,31","1.614,21","1.619,36","1.581,50","17,94M","-1,19%"
08.05.2020,"1.606,50","1.600,54","1.614,18","1.599,51","15,38M","1,21%"
07.05.2020,"1.587,35","1.572,16","1.602,76","1.559,06","21,76M","1,24%"
06.05.2020,"1.567,98","1.604,60","1.606,44","1.565,07","34,61M","-1,93%"
05.05.2020,"1.598,84","1.609,04","1.616,34","1.591,58","22,42M","-0,11%"
04.05.2020,"1.600,65","1.630,24","1.630,24","1.597,70","23,79M","-2,91%"
30.04.2020,"1.648,68","1.661,23","1.682,13","1.636,35","46,69M","-0,16%"
29.04.2020,"1.651,33","1.601,65","1.656,40","1.600,78","35,81M","3,58%"
28.04.2020,"1.594,25","1.590,34","1.622,80","1.579,94","37,31M","0,14%"
27.04.2020,"1.591,97","1.614,29","1.624,69","1.580,48","34,03M","-0,62%"
24.04.2020,"1.601,91","1.617,91","1.627,49","1.601,91","26,30M","-1,49%"
23.04.2020,"1.626,10","1.609,41","1.626,82","1.589,64","30,89M","1,31%"
22.04.2020,"1.605,12","1.574,07","1.609,82","1.554,34","32,63M","2,01%"
21.04.2020,"1.573,44","1.631,40","1.631,40","1.572,05","33,52M","-4,06%"
20.04.2020,"1.640,06","1.629,69","1.643,87","1.604,98","28,32M","0,89%"
17.04.2020,"1.625,59","1.618,42","1.633,53","1.612,01","41,66M","1,73%"
16.04.2020,"1.597,90","1.610,81","1.617,55","1.589,83","43,49M","-0,52%"
15.04.2020,"1.606,21","1.669,23","1.673,58","1.602,31","50,59M","-3,38%"
14.04.2020,"1.662,40","1.631,50","1.664,53","1.625,89","46,44M","2,89%"
09.04.2020,"1.615,72","1.596,79","1.619,77","1.579,72","50,39M","2,31%"
08.04.2020,"1.579,18","1.602,33","1.619,63","1.567,84","55,93M","-1,52%"
07.04.2020,"1.603,50","1.602,14","1.655,29","1.602,14","64,70M","1,42%"
06.04.2020,"1.581,05","1.534,81","1.585,04","1.534,81","45,61M","4,95%"
03.04.2020,"1.506,48","1.492,10","1.509,07","1.474,44","49,71M","1,00%"
02.04.2020,"1.491,55","1.490,41","1.501,33","1.464,86","48,12M","0,62%"
01.04.2020,"1.482,42","1.495,43","1.500,43","1.473,64","36,50M","-2,01%"
31.03.2020,"1.512,84","1.486,89","1.523,49","1.484,33","59,77M","2,38%"
30.03.2020,"1.477,65","1.482,10","1.484,62","1.443,16","28,43M","0,12%"
27.03.2020,"1.475,90","1.494,31","1.499,62","1.465,48","33,22M","-1,08%"
26.03.2020,"1.492,01","1.431,53","1.492,87","1.410,91","36,79M","3,48%"
25.03.2020,"1.441,83","1.487,75","1.505,79","1.413,22","47,38M","-0,63%"
24.03.2020,"1.451,02","1.449,34","1.473,02","1.424,14","37,40M","3,24%"
23.03.2020,"1.405,45","1.461,22","1.463,93","1.400,71","43,98M","-5,57%"
20.03.2020,"1.488,42","1.502,14","1.547,74","1.476,65","109,52M","1,29%"
19.03.2020,"1.469,43","1.406,71","1.469,43","1.386,83","51,61M","4,86%"
18.03.2020,"1.401,29","1.425,27","1.465,58","1.376,75","78,27M","-1,96%"
17.03.2020,"1.429,28","1.370,79","1.446,74","1.355,07","81,57M","6,54%"
16.03.2020,"1.341,54","1.342,40","1.356,01","1.248,77","64,57M","-1,79%"
13.03.2020,"1.365,97","1.334,37","1.442,72","1.315,96","74,14M","4,61%"
12.03.2020,"1.305,73","1.450,71","1.450,71","1.305,73","57,19M","-13,28%"
11.03.2020,"1.505,64","1.607,30","1.616,03","1.495,87","44,94M","-5,87%"
10.03.2020,"1.599,48","1.643,34","1.657,09","1.594,07","39,33M","-1,63%"
09.03.2020,"1.625,99","1.685,28","1.697,38","1.609,08","40,49M","-7,87%"
06.03.2020,"1.764,81","1.808,36","1.808,36","1.749,70","34,44M","-3,18%"
05.03.2020,"1.822,85","1.879,11","1.893,88","1.822,76","25,50M","-2,05%"
04.03.2020,"1.860,95","1.882,71","1.894,23","1.857,90","28,14M","-1,52%"
03.03.2020,"1.889,67","1.827,36","1.906,87","1.827,36","39,06M","4,53%"
02.03.2020,"1.807,70","1.807,25","1.840,57","1.765,43","40,21M","2,19%"
28.02.2020,"1.768,91","1.817,79","1.817,79","1.735,37","70,09M","-4,41%"
27.02.2020,"1.850,61","1.926,15","1.927,44","1.833,92","33,43M","-4,29%"
26.02.2020,"1.933,51","1.942,66","1.957,64","1.906,06","33,55M","-0,63%"
25.02.2020,"1.945,71","2.000,65","2.007,34","1.945,71","32,36M","-2,76%"
24.02.2020,"2.000,90","2.070,66","2.070,66","1.997,84","25,03M","-4,20%"
21.02.2020,"2.088,53","2.095,80","2.106,18","2.084,55","16,53M","-0,54%"
20.02.2020,"2.099,88","2.115,39","2.116,08","2.098,12","20,48M","-0,72%"
19.02.2020,"2.115,18","2.116,32","2.122,67","2.097,07","21,47M","0,08%"
18.02.2020,"2.113,49","2.112,15","2.118,48","2.103,76","13,88M","-0,36%"
17.02.2020,"2.121,14","2.125,14","2.131,60","2.117,45","14,22M","0,28%"
14.02.2020,"2.115,29","2.126,64","2.131,28","2.111,22","20,89M","-0,23%"
13.02.2020,"2.120,07","2.125,22","2.125,22","2.096,14","19,11M","-0,29%"
12.02.2020,"2.126,31","2.120,01","2.132,78","2.115,92","21,38M","0,90%"
11.02.2020,"2.107,40","2.099,20","2.114,89","2.094,39","21,36M","0,69%"
10.02.2020,"2.092,89","2.108,67","2.112,78","2.087,72","16,13M","-0,82%"
07.02.2020,"2.110,20","2.107,43","2.110,20","2.092,36","18,96M","-0,07%"
06.02.2020,"2.111,76","2.128,24","2.138,87","2.105,59","23,41M","-0,53%"
05.02.2020,"2.122,91","2.106,64","2.133,91","2.102,45","21,93M","0,77%"
04.02.2020,"2.106,63","2.082,19","2.115,25","2.081,81","32,25M","1,63%"
03.02.2020,"2.072,88","2.062,33","2.077,58","2.050,91","25,39M","0,34%"
31.01.2020,"2.065,90","2.085,41","2.087,93","2.052,68","38,29M","-0,68%"
30.01.2020,"2.079,98","2.078,74","2.093,68","2.064,09","23,19M","-0,87%"
29.01.2020,"2.098,18","2.099,30","2.114,31","2.090,41","25,64M","0,01%"
28.01.2020,"2.098,04","2.089,16","2.105,76","2.083,54","17,44M","0,68%"
27.01.2020,"2.083,79","2.141,68","2.141,68","2.083,69","20,98M","-3,27%"
24.01.2020,"2.154,28","2.150,57","2.166,31","2.150,57","17,63M","0,27%"
23.01.2020,"2.148,41","2.144,56","2.159,55","2.141,62","22,56M","0,09%"
22.01.2020,"2.146,56","2.168,44","2.172,76","2.144,68","27,44M","-0,53%"
21.01.2020,"2.158,04","2.174,93","2.174,93","2.152,62","18,93M","-0,92%"
20.01.2020,"2.178,06","2.178,31","2.183,84","2.173,92","15,63M","0,10%"
17.01.2020,"2.175,95","2.172,14","2.181,62","2.147,94","19,78M","0,10%"
16.01.2020,"2.173,74","2.170,39","2.179,43","2.163,83","20,76M","0,40%"
15.01.2020,"2.165,08","2.180,55","2.183,85","2.158,36","22,75M","-0,82%"
14.01.2020,"2.182,96","2.194,88","2.194,88","2.174,44","29,39M","-0,52%"
13.01.2020,"2.194,42","2.170,86","2.194,42","2.167,33","22,07M","1,22%"
10.01.2020,"2.167,91","2.161,60","2.167,91","2.150,83","16,50M","0,48%"
09.01.2020,"2.157,61","2.132,02","2.157,61","2.132,02","19,89M","1,97%"
08.01.2020,"2.115,99","2.140,29","2.140,29","2.114,24","20,74M","-1,35%"
07.01.2020,"2.145,01","2.171,72","2.176,80","2.143,11","19,56M","-1,33%"
03.01.2020,"2.173,97","2.192,31","2.192,31","2.159,03","20,63M","-1,19%"
02.01.2020,"2.200,10","2.161,55","2.200,57","2.161,42","21,37M","2,33%"
30.12.2019,"2.150,09","2.151,48","2.160,23","2.147,58","11,04M","-0,08%"
27.12.2019,"2.151,74","2.145,77","2.167,47","2.145,77","12,08M","0,43%"
23.12.2019,"2.142,54","2.128,71","2.142,91","2.124,87","15,09M","0,68%"
20.12.2019,"2.128,04","2.131,61","2.138,37","2.123,99","57,32M","-0,27%"
19.12.2019,"2.133,72","2.132,53","2.134,36","2.123,81","21,90M","0,09%"
18.12.2019,"2.131,85","2.137,70","2.137,70","2.112,21","30,29M","-0,02%"
17.12.2019,"2.132,25","2.115,87","2.139,47","2.114,19","32,73M","0,91%"
16.12.2019,"2.112,93","2.107,39","2.120,23","2.104,16","22,02M","0,30%"
13.12.2019,"2.106,51","2.112,27","2.123,34","2.103,58","27,12M","0,21%"
12.12.2019,"2.102,19","2.056,35","2.102,19","2.055,54","28,65M","2,68%"
11.12.2019,"2.047,34","2.056,17","2.064,50","2.034,48","23,87M","-0,33%"
10.12.2019,"2.054,11","2.066,43","2.070,22","2.040,78","18,79M","-0,60%"
09.12.2019,"2.066,55","2.073,42","2.073,42","2.051,04","17,67M","-0,32%"
06.12.2019,"2.073,11","2.087,82","2.088,62","2.055,68","42,64M","-0,91%"
05.12.2019,"2.092,12","2.088,00","2.103,69","2.078,98","22,12M","0,49%"
04.12.2019,"2.081,89","2.093,25","2.113,13","2.078,10","24,26M","-0,38%"
03.12.2019,"2.089,92","2.122,97","2.123,47","2.088,77","21,51M","-1,53%"
02.12.2019,"2.122,30","2.163,48","2.168,85","2.121,16","25,65M","-1,70%"
29.11.2019,"2.158,94","2.164,72","2.170,47","2.154,94","14,55M","-0,47%"
28.11.2019,"2.169,09","2.178,33","2.178,33","2.159,90","12,15M","-0,56%"
27.11.2019,"2.181,33","2.192,17","2.196,50","2.175,07","17,17M","-0,42%"
26.11.2019,"2.190,58","2.199,69","2.199,69","2.177,73","60,98M","-0,32%"
25.11.2019,"2.197,54","2.191,79","2.204,09","2.191,79","16,69M","0,43%"
22.11.2019,"2.188,24","2.179,44","2.198,56","2.176,33","18,02M","0,40%"
21.11.2019,"2.179,53","2.192,19","2.192,19","2.164,04","20,45M","-0,69%"
20.11.2019,"2.194,58","2.204,41","2.204,41","2.175,68","20,56M","-0,57%"
19.11.2019,"2.207,25","2.230,15","2.232,47","2.201,64","21,48M","-1,02%"
18.11.2019,"2.229,92","2.239,37","2.244,64","2.220,25","18,06M","-0,18%"
15.11.2019,"2.233,87","2.225,99","2.238,11","2.225,77","13,70M","0,35%"
14.11.2019,"2.226,15","2.235,67","2.245,84","2.223,56","22,56M","-0,42%"
13.11.2019,"2.235,52","2.250,07","2.250,31","2.228,03","33,58M","-0,59%"
12.11.2019,"2.248,81","2.259,75","2.266,23","2.245,40","26,64M","-0,29%"
08.11.2019,"2.255,46","2.269,51","2.269,51","2.252,85","31,73M","-0,74%"
07.11.2019,"2.272,17","2.260,78","2.277,18","2.260,78","26,65M","0,75%"
06.11.2019,"2.255,34","2.267,95","2.269,98","2.255,34","17,54M","-0,75%"
05.11.2019,"2.272,45","2.263,60","2.279,64","2.257,69","23,39M","0,37%"
04.11.2019,"2.264,06","2.208,61","2.264,06","2.208,61","30,02M","3,19%"
31.10.2019,"2.194,10","2.235,68","2.236,95","2.188,99","26,16M","-1,49%"
30.10.2019,"2.227,38","2.227,02","2.230,72","2.219,18","17,68M","-0,02%"
29.10.2019,"2.227,93","2.210,54","2.228,28","2.203,17","26,63M","0,73%"
28.10.2019,"2.211,80","2.175,30","2.215,02","2.175,30","17,16M","1,68%"
25.10.2019,"2.175,27","2.206,68","2.206,68","2.172,44","19,87M","-1,50%"
24.10.2019,"2.208,36","2.206,18","2.216,33","2.195,82","19,41M","-0,01%"
23.10.2019,"2.208,54","2.206,89","2.209,58","2.198,75","13,81M","-0,16%"
22.10.2019,"2.212,15","2.184,00","2.212,19","2.177,25","19,25M","1,32%"
21.10.2019,"2.183,25","2.164,82","2.184,64","2.160,39","16,19M","0,85%"
18.10.2019,"2.164,75","2.167,19","2.168,49","2.149,61","18,87M","-0,41%"
17.10.2019,"2.173,75","2.160,43","2.181,94","2.154,17","17,71M","0,82%"
16.10.2019,"2.156,06","2.153,26","2.167,10","2.151,57","22,41M","0,06%"
15.10.2019,"2.154,80","2.156,95","2.161,73","2.146,79","21,48M","0,29%"
14.10.2019,"2.148,53","2.162,23","2.163,42","2.143,33","15,54M","-0,53%"
11.10.2019,"2.159,91","2.126,11","2.160,85","2.125,66","16,43M","1,74%"
10.10.2019,"2.122,99","2.134,52","2.136,96","2.113,87","18,22M","-0,53%"
09.10.2019,"2.134,37","2.136,45","2.142,51","2.126,60","15,84M","0,12%"
08.10.2019,"2.131,83","2.121,85","2.135,75","2.113,93","19,64M","0,47%"
07.10.2019,"2.121,87","2.126,90","2.126,90","2.110,11","13,98M","0,03%"
04.10.2019,"2.121,16","2.101,64","2.124,78","2.101,64","17,50M","1,04%"
03.10.2019,"2.099,30","2.091,15","2.129,53","2.076,45","24,70M","0,05%"
02.10.2019,"2.098,28","2.148,62","2.148,62","2.098,28","18,84M","-2,52%"
01.10.2019,"2.152,50","2.175,98","2.175,98","2.148,55","18,58M","-0,96%"
30.09.2019,"2.173,29","2.188,31","2.188,77","2.162,20","16,43M","-0,60%"
27.09.2019,"2.186,31","2.175,46","2.190,53","2.170,54","12,47M","0,64%"
26.09.2019,"2.172,47","2.161,97","2.177,07","2.159,78","19,18M","0,59%"
25.09.2019,"2.159,68","2.170,22","2.170,22","2.144,63","20,19M","-0,72%"
24.09.2019,"2.175,24","2.153,62","2.183,13","2.150,85","17,41M","1,30%"
23.09.2019,"2.147,32","2.167,32","2.171,39","2.139,34","22,07M","-1,12%"
20.09.2019,"2.171,75","2.190,00","2.198,29","2.164,13","47,92M","-0,91%"
19.09.2019,"2.191,61","2.200,07","2.200,07","2.184,93","17,06M","-0,61%"
18.09.2019,"2.205,02","2.192,83","2.206,80","2.186,03","25,06M","0,56%"
17.09.2019,"2.192,71","2.212,71","2.214,48","2.184,90","27,70M","-1,13%"
16.09.2019,"2.217,84","2.198,63","2.217,84","2.188,30","25,33M","0,77%"
13.09.2019,"2.200,95","2.188,73","2.210,70","2.187,43","16,09M","0,54%"
12.09.2019,"2.189,07","2.191,97","2.205,99","2.174,51","21,93M","-0,01%"
11.09.2019,"2.189,21","2.186,08","2.202,44","2.179,00","23,65M","0,06%"
10.09.2019,"2.187,80","2.173,79","2.189,02","2.168,72","27,35M","0,62%"
09.09.2019,"2.174,41","2.124,96","2.174,41","2.124,96","24,03M","2,44%"
06.09.2019,"2.122,60","2.111,05","2.129,97","2.108,64","17,30M","0,75%"
05.09.2019,"2.106,89","2.111,47","2.122,76","2.088,88","24,07M","0,20%"
04.09.2019,"2.102,73","2.122,06","2.136,41","2.102,36","29,90M","-0,21%"
03.09.2019,"2.107,16","2.140,74","2.140,74","2.097,66","18,87M","-1,74%"
02.09.2019,"2.144,48","2.138,35","2.147,13","2.131,32","10,92M","0,43%"
30.08.2019,"2.135,25","2.072,65","2.136,79","2.069,86","26,05M","3,19%"
29.08.2019,"2.069,33","2.050,87","2.075,40","2.047,94","18,07M","0,87%"
28.08.2019,"2.051,44","2.098,88","2.107,28","2.044,86","21,93M","-2,10%"
27.08.2019,"2.095,45","2.101,19","2.107,00","2.076,51","47,79M","-0,14%"
26.08.2019,"2.098,41","2.092,33","2.109,42","2.077,82","14,03M","-0,25%"
23.08.2019,"2.103,68","2.115,16","2.128,10","2.081,07","16,63M","-0,21%"
22.08.2019,"2.108,05","2.108,88","2.126,87","2.097,00","22,40M","0,10%"
21.08.2019,"2.105,88","2.108,37","2.129,57","2.103,87","16,86M","-0,20%"
20.08.2019,"2.110,11","2.104,97","2.116,59","2.087,21","23,04M","0,37%"
19.08.2019,"2.102,23","2.078,80","2.110,19","2.078,80","19,01M","1,85%"
16.08.2019,"2.064,12","2.085,34","2.096,94","2.055,70","27,57M","-0,69%"
14.08.2019,"2.078,39","2.134,28","2.134,48","2.078,39","25,52M","-2,89%"
13.08.2019,"2.140,19","2.095,17","2.153,16","2.085,61","26,86M","1,44%"
12.08.2019,"2.109,73","2.134,55","2.140,84","2.104,12","16,35M","-0,84%"
09.08.2019,"2.127,61","2.165,34","2.165,83","2.119,89","26,95M","-1,45%"
08.08.2019,"2.158,88","2.153,17","2.169,27","2.152,26","22,72M","0,97%"
07.08.2019,"2.138,23","2.163,21","2.173,56","2.124,85","28,87M","-0,83%"
06.08.2019,"2.156,23","2.169,08","2.182,20","2.155,33","28,12M","-0,37%"
05.08.2019,"2.164,14","2.211,89","2.211,89","2.164,06","25,32M","-2,36%"
02.08.2019,"2.216,51","2.232,92","2.233,03","2.216,51","19,93M","-1,08%"
01.08.2019,"2.240,78","2.273,24","2.280,80","2.236,98","27,03M","-1,61%"
31.07.2019,"2.277,37","2.264,64","2.285,25","2.263,61","29,66M","0,59%"
30.07.2019,"2.263,92","2.273,72","2.282,30","2.263,92","23,16M","-0,96%"
29.07.2019,"2.285,93","2.307,08","2.309,53","2.282,08","15,79M","-0,86%"
26.07.2019,"2.305,79","2.311,51","2.314,19","2.299,39","18,09M","-0,20%"
25.07.2019,"2.310,31","2.341,04","2.344,39","2.308,32","20,97M","-1,07%"
24.07.2019,"2.335,41","2.336,68","2.338,95","2.327,66","22,51M","-0,02%"
23.07.2019,"2.335,86","2.345,76","2.348,43","2.332,50","20,20M","-0,28%"
22.07.2019,"2.342,51","2.345,61","2.350,82","2.335,30","18,65M","-0,06%"
19.07.2019,"2.344,03","2.325,16","2.348,86","2.325,16","28,62M","0,97%"
18.07.2019,"2.321,41","2.300,65","2.324,71","2.291,66","28,50M","0,64%"
17.07.2019,"2.306,67","2.317,45","2.320,49","2.301,63","33,03M","-0,64%"
16.07.2019,"2.321,52","2.326,49","2.330,50","2.317,18","30,05M","-0,12%"
15.07.2019,"2.324,21","2.318,56","2.334,10","2.316,89","20,05M","0,38%"
12.07.2019,"2.315,36","2.323,61","2.325,05","2.314,42","21,94M","-0,07%"
11.07.2019,"2.316,95","2.322,18","2.338,33","2.308,20","23,03M","0,18%"
10.07.2019,"2.312,77","2.312,32","2.340,95","2.305,66","33,90M","0,01%"
09.07.2019,"2.312,63","2.325,90","2.327,02","2.303,20","24,57M","-1,13%"
08.07.2019,"2.339,07","2.337,67","2.349,35","2.326,33","22,64M","-0,13%"
05.07.2019,"2.342,01","2.359,39","2.359,39","2.334,27","22,83M","-0,61%"
04.07.2019,"2.356,49","2.350,47","2.357,89","2.338,90","13,91M","0,47%"
03.07.2019,"2.345,56","2.338,73","2.349,15","2.330,53","19,65M","0,19%"
02.07.2019,"2.341,09","2.334,60","2.341,09","2.310,49","22,88M","0,49%"
01.07.2019,"2.329,74","2.338,98","2.363,21","2.326,49","21,20M","0,09%"
28.06.2019,"2.327,67","2.332,63","2.335,26","2.323,55","19,37M","-0,32%"
27.06.2019,"2.335,13","2.315,73","2.347,62","2.315,73","37,40M","0,78%"
26.06.2019,"2.317,17","2.308,98","2.318,68","2.300,51","37,54M","0,60%"
25.06.2019,"2.303,31","2.328,99","2.328,99","2.296,97","29,02M","-1,19%"
24.06.2019,"2.331,08","2.315,79","2.332,80","2.311,55","19,03M","0,99%"
21.06.2019,"2.308,32","2.324,16","2.343,66","2.302,71","61,72M","-0,49%"
19.06.2019,"2.319,71","2.326,56","2.327,46","2.316,84","22,04M","-0,23%"
18.06.2019,"2.325,16","2.277,52","2.325,16","2.272,26","36,18M","2,13%"
17.06.2019,"2.276,60","2.286,57","2.290,79","2.269,87","20,06M","-0,43%"
14.06.2019,"2.286,46","2.299,03","2.299,09","2.283,94","20,51M","-0,60%"
13.06.2019,"2.300,20","2.282,72","2.310,66","2.277,12","26,11M","0,76%"
12.06.2019,"2.282,80","2.290,75","2.292,41","2.263,68","29,30M","-0,56%"
11.06.2019,"2.295,60","2.283,90","2.300,92","2.275,67","29,04M","0,57%"
10.06.2019,"2.282,51","2.290,40","2.296,33","2.271,09","18,08M","0,08%"
07.06.2019,"2.280,60","2.260,52","2.287,39","2.260,52","23,64M","0,87%"
06.06.2019,"2.260,94","2.224,20","2.272,07","2.222,81","43,22M","1,69%"
05.06.2019,"2.223,27","2.237,23","2.242,22","2.219,94","27,02M","-0,47%"
04.06.2019,"2.233,75","2.237,74","2.242,52","2.222,32","18,73M","-0,18%"
03.06.2019,"2.237,71","2.239,12","2.248,09","2.227,89","15,76M","-0,07%"
31.05.2019,"2.239,31","2.208,43","2.239,31","2.194,96","23,22M","0,80%"
30.05.2019,"2.221,56","2.190,88","2.228,81","2.190,88","30,83M","1,56%"
29.05.2019,"2.187,45","2.179,87","2.187,54","2.162,40","32,75M","-0,25%"
28.05.2019,"2.192,87","2.191,17","2.215,33","2.184,70","44,70M","0,15%"
27.05.2019,"2.189,66","2.191,26","2.199,30","2.177,84","9,08M","0,07%"
24.05.2019,"2.188,20","2.178,44","2.193,70","2.175,03","18,08M","0,70%"
23.05.2019,"2.173,09","2.212,60","2.212,60","2.172,96","23,24M","-1,86%"
22.05.2019,"2.214,36","2.193,78","2.225,30","2.181,14","20,97M","1,07%"
21.05.2019,"2.190,93","2.178,92","2.191,28","2.173,74","22,50M","0,71%"
20.05.2019,"2.175,51","2.186,97","2.189,10","2.159,78","19,88M","-0,40%"
17.05.2019,"2.184,35","2.187,18","2.187,18","2.165,97","19,18M","-0,19%"
16.05.2019,"2.188,43","2.174,10","2.193,89","2.162,46","21,95M","0,89%"
15.05.2019,"2.169,18","2.176,30","2.181,49","2.152,99","29,23M","0,24%"
14.05.2019,"2.163,94","2.184,39","2.192,53","2.162,40","25,23M","-0,42%"
13.05.2019,"2.172,97","2.194,70","2.199,90","2.153,70","19,99M","-0,86%"
10.05.2019,"2.191,91","2.191,75","2.210,31","2.184,33","22,67M","0,57%"
09.05.2019,"2.179,40","2.218,05","2.227,52","2.177,76","21,73M","-1,91%"
08.05.2019,"2.221,82","2.236,63","2.250,19","2.217,31","22,68M","-0,54%"
07.05.2019,"2.233,80","2.292,05","2.293,95","2.233,57","25,06M","-2,46%"
06.05.2019,"2.290,13","2.301,78","2.303,70","2.278,96","16,35M","-1,25%"
02.05.2019,"2.319,08","2.337,12","2.337,12","2.317,50","15,30M","-0,65%"
30.04.2019,"2.334,21","2.357,54","2.360,26","2.323,73","22,86M","-1,43%"
29.04.2019,"2.368,08","2.377,34","2.378,36","2.354,99","14,69M","-0,18%"
26.04.2019,"2.372,25","2.354,41","2.372,25","2.352,05","13,49M","0,57%"
25.04.2019,"2.358,76","2.372,75","2.372,75","2.347,21","16,94M","-0,57%"
24.04.2019,"2.372,33","2.371,11","2.377,73","2.357,21","21,56M","0,07%"
23.04.2019,"2.370,63","2.367,82","2.374,48","2.361,02","10,84M","0,22%"
18.04.2019,"2.365,36","2.375,24","2.375,24","2.352,73","20,18M","-0,54%"
17.04.2019,"2.378,31","2.374,70","2.396,84","2.371,30","35,38M","0,26%"
16.04.2019,"2.372,18","2.361,43","2.372,18","2.357,56","21,52M","0,59%"
15.04.2019,"2.358,19","2.364,12","2.372,85","2.351,38","15,28M","-0,36%"
12.04.2019,"2.366,71","2.381,56","2.385,27","2.364,83","14,63M","-0,35%"
11.04.2019,"2.374,97","2.393,53","2.396,50","2.371,04","16,26M","-0,70%"
10.04.2019,"2.391,80","2.368,97","2.391,80","2.366,48","22,59M","1,01%"
09.04.2019,"2.367,84","2.364,84","2.377,22","2.357,72","19,74M","0,35%"
08.04.2019,"2.359,52","2.356,50","2.362,51","2.349,48","14,39M","0,36%"
05.04.2019,"2.351,08","2.388,47","2.408,44","2.351,08","23,74M","-1,57%"
04.04.2019,"2.388,59","2.404,61","2.413,50","2.386,49","20,82M","-0,79%"
03.04.2019,"2.407,63","2.381,44","2.408,37","2.381,44","20,78M","1,54%"
02.04.2019,"2.371,14","2.342,08","2.382,89","2.342,08","16,65M","1,30%"
01.04.2019,"2.340,74","2.325,38","2.347,72","2.325,38","14,67M","1,24%"
29.03.2019,"2.312,09","2.318,66","2.330,52","2.304,77","26,23M","-0,07%"
28.03.2019,"2.313,77","2.315,21","2.325,26","2.310,92","11,71M","-0,06%"
27.03.2019,"2.315,17","2.326,64","2.331,21","2.312,75","16,89M","-0,42%"
26.03.2019,"2.324,91","2.314,00","2.325,05","2.312,43","12,80M","0,52%"
25.03.2019,"2.312,79","2.314,98","2.320,57","2.304,66","13,41M","-0,27%"
22.03.2019,"2.319,10","2.358,11","2.361,06","2.319,10","15,74M","-1,69%"
21.03.2019,"2.359,02","2.352,81","2.359,36","2.344,94","17,89M","0,31%"
20.03.2019,"2.351,83","2.353,10","2.357,16","2.344,13","15,97M","-0,03%"
19.03.2019,"2.352,42","2.346,73","2.365,96","2.346,73","18,35M","0,28%"
18.03.2019,"2.345,84","2.351,02","2.358,84","2.342,69","17,18M","-0,02%"
15.03.2019,"2.346,25","2.323,39","2.360,92","2.317,73","70,61M","1,16%"
14.03.2019,"2.319,28","2.319,32","2.323,52","2.310,25","17,67M","0,19%"
13.03.2019,"2.314,79","2.306,15","2.316,63","2.301,22","27,01M","0,20%"
12.03.2019,"2.310,10","2.312,75","2.319,74","2.298,80","18,23M","0,43%"
11.03.2019,"2.300,22","2.303,15","2.313,54","2.297,59","17,66M","0,05%"
08.03.2019,"2.298,97","2.305,19","2.305,19","2.286,94","14,50M","-0,41%"
07.03.2019,"2.308,48","2.326,78","2.335,46","2.305,25","16,18M","-0,80%"
06.03.2019,"2.327,16","2.325,09","2.329,40","2.317,00","20,22M","0,25%"
05.03.2019,"2.321,32","2.325,80","2.338,74","2.318,81","15,91M","-0,29%"
04.03.2019,"2.328,05","2.341,55","2.349,08","2.321,71","26,00M","-0,22%"
01.03.2019,"2.333,11","2.339,97","2.349,46","2.330,85","20,11M","0,04%"
28.02.2019,"2.332,23","2.336,82","2.346,44","2.332,23","26,91M","-0,07%"
27.02.2019,"2.333,81","2.364,42","2.368,09","2.331,93","15,76M","-1,36%"
26.02.2019,"2.365,93","2.370,55","2.370,55","2.355,92","18,13M","-0,24%"
25.02.2019,"2.371,69","2.358,78","2.376,05","2.348,42","17,55M","0,68%"
22.02.2019,"2.355,77","2.338,21","2.372,82","2.338,21","23,73M","0,68%"
21.02.2019,"2.339,85","2.366,60","2.375,39","2.330,01","24,78M","-1,26%"
20.02.2019,"2.369,70","2.327,23","2.369,70","2.327,23","20,21M","2,04%"
19.02.2019,"2.322,41","2.324,68","2.337,54","2.313,83","15,93M","-0,14%"
18.02.2019,"2.325,67","2.340,20","2.345,50","2.319,46","15,05M","-0,54%"
15.02.2019,"2.338,20","2.316,99","2.346,99","2.314,00","16,24M","0,79%"
14.02.2019,"2.319,92","2.346,67","2.352,35","2.316,81","29,71M","-1,13%"
13.02.2019,"2.346,39","2.374,44","2.380,53","2.334,87","17,34M","-1,04%"
12.02.2019,"2.370,99","2.362,03","2.377,01","2.356,36","16,07M","0,71%"
11.02.2019,"2.354,28","2.359,10","2.378,19","2.354,28","16,27M","0,01%"
08.02.2019,"2.354,11","2.365,88","2.368,32","2.354,11","17,53M","-0,73%"
07.02.2019,"2.371,33","2.407,95","2.407,95","2.367,18","14,48M","-1,78%"
06.02.2019,"2.414,41","2.409,89","2.420,40","2.403,68","18,80M","0,21%"
05.02.2019,"2.409,32","2.393,43","2.411,99","2.383,96","17,45M","0,79%"
04.02.2019,"2.390,46","2.392,16","2.410,90","2.380,23","18,12M","-0,12%"
01.02.2019,"2.393,43","2.380,44","2.393,43","2.373,14","13,85M","0,56%"
31.01.2019,"2.380,11","2.367,75","2.389,76","2.364,08","28,05M","0,95%"
30.01.2019,"2.357,79","2.374,69","2.378,83","2.348,33","22,58M","-0,65%"
29.01.2019,"2.373,30","2.370,79","2.388,59","2.357,21","22,35M","0,11%"
28.01.2019,"2.370,62","2.399,77","2.400,76","2.354,80","27,05M","-1,17%"
25.01.2019,"2.398,74","2.413,12","2.418,41","2.390,85","30,21M","-0,32%"
24.01.2019,"2.406,38","2.410,22","2.420,94","2.388,59","26,49M","-0,03%"
23.01.2019,"2.407,09","2.360,17","2.415,67","2.353,25","30,60M","2,03%"
22.01.2019,"2.359,23","2.349,91","2.369,68","2.344,35","19,79M","0,04%"
21.01.2019,"2.358,30","2.379,21","2.379,21","2.349,47","10,40M","-0,82%"
18.01.2019,"2.377,87","2.366,69","2.380,73","2.357,34","25,83M","0,80%"
17.01.2019,"2.358,97","2.358,94","2.372,09","2.351,72","21,90M","-0,22%"
16.01.2019,"2.364,17","2.349,89","2.364,17","2.340,33","21,25M","0,84%"
15.01.2019,"2.344,56","2.336,51","2.350,86","2.323,57","20,07M","0,73%"
14.01.2019,"2.327,66","2.326,24","2.334,30","2.310,84","21,57M","-0,32%"
11.01.2019,"2.335,10","2.343,73","2.364,28","2.322,14","27,21M","-0,01%"
10.01.2019,"2.335,31","2.331,87","2.335,60","2.305,97","22,73M","-0,28%"
09.01.2019,"2.341,84","2.329,09","2.341,84","2.321,96","30,38M","0,72%"
08.01.2019,"2.325,19","2.330,42","2.330,42","2.303,05","26,79M","-0,27%"
07.01.2019,"2.331,45","2.292,76","2.331,45","2.292,76","29,45M","2,04%"
04.01.2019,"2.284,95","2.257,40","2.289,19","2.257,40","19,54M","1,68%"
03.01.2019,"2.247,22","2.293,47","2.293,47","2.243,05","18,45M","-2,36%"
02.01.2019,"2.301,62","2.275,35","2.303,24","2.243,92","15,52M","1,10%"
28.12.2018,"2.276,63","2.253,05","2.281,37","2.253,05","17,14M","1,12%"
27.12.2018,"2.251,38","2.279,04","2.288,31","2.248,23","15,78M","-0,37%"
21.12.2018,"2.259,77","2.303,95","2.307,00","2.226,52","69,88M","-2,03%"
20.12.2018,"2.306,68","2.327,49","2.327,49","2.295,40","33,39M","-1,54%"
19.12.2018,"2.342,81","2.312,49","2.344,11","2.309,47","28,90M","1,19%"
18.12.2018,"2.315,18","2.273,02","2.317,59","2.264,35","26,10M","1,46%"
17.12.2018,"2.281,87","2.296,79","2.308,55","2.281,45","20,76M","-0,94%"
14.12.2018,"2.303,41","2.297,17","2.314,12","2.282,43","22,12M","-0,31%"
13.12.2018,"2.310,66","2.282,77","2.314,09","2.267,53","32,71M","1,56%"
12.12.2018,"2.275,15","2.228,58","2.275,19","2.227,89","39,81M","2,42%"
11.12.2018,"2.221,37","2.252,70","2.264,54","2.221,37","29,51M","-0,92%"
10.12.2018,"2.242,10","2.274,51","2.282,05","2.241,91","17,08M","-1,73%"
07.12.2018,"2.281,54","2.300,79","2.320,40","2.273,31","22,01M","-0,56%"
06.12.2018,"2.294,34","2.335,28","2.335,28","2.290,52","32,44M","-2,56%"
05.12.2018,"2.354,54","2.319,32","2.355,29","2.296,26","36,55M","0,41%"
04.12.2018,"2.344,91","2.322,24","2.344,91","2.311,83","37,20M","0,67%"
03.12.2018,"2.329,37","2.310,75","2.334,22","2.310,75","29,92M","1,67%"
30.11.2018,"2.291,08","2.300,37","2.300,37","2.267,95","34,73M","-0,53%"
29.11.2018,"2.303,37","2.273,83","2.303,37","2.273,83","22,75M","1,72%"
28.11.2018,"2.264,51","2.222,61","2.268,14","2.222,61","25,76M","1,87%"
27.11.2018,"2.222,85","2.215,58","2.227,11","2.202,99","17,08M","0,42%"
26.11.2018,"2.213,57","2.229,64","2.245,08","2.202,37","15,95M","-0,53%"
23.11.2018,"2.225,39","2.234,74","2.238,44","2.209,33","11,23M","-0,49%"
22.11.2018,"2.236,35","2.218,09","2.241,04","2.207,02","17,73M","0,75%"
21.11.2018,"2.219,62","2.167,92","2.220,20","2.167,92","31,29M","2,73%"
20.11.2018,"2.160,57","2.181,11","2.195,17","2.150,91","29,18M","-1,33%"
19.11.2018,"2.189,73","2.173,20","2.189,73","2.152,58","27,28M","1,12%"
16.11.2018,"2.165,46","2.208,77","2.221,69","2.137,46","40,37M","-1,70%"
15.11.2018,"2.202,91","2.237,44","2.254,49","2.202,91","35,40M","-1,30%"
14.11.2018,"2.231,90","2.206,38","2.243,42","2.191,98","24,87M","0,63%"
13.11.2018,"2.217,97","2.230,91","2.242,91","2.209,34","18,26M","-0,64%"
09.11.2018,"2.232,25","2.259,66","2.259,66","2.223,95","16,56M","-1,35%"
08.11.2018,"2.262,84","2.280,10","2.294,15","2.258,19","21,97M","-0,61%"
07.11.2018,"2.276,65","2.227,66","2.282,59","2.227,53","24,83M","2,08%"
06.11.2018,"2.230,34","2.237,84","2.239,20","2.214,47","16,63M","-0,15%"
05.11.2018,"2.233,74","2.196,65","2.234,79","2.188,99","15,28M","1,64%"
02.11.2018,"2.197,68","2.169,62","2.208,49","2.169,62","22,66M","2,13%"
31.10.2018,"2.151,88","2.132,00","2.151,88","2.132,00","30,17M","1,37%"
30.10.2018,"2.122,73","2.104,50","2.122,73","2.092,18","15,08M","0,90%"
29.10.2018,"2.103,72","2.089,53","2.118,48","2.089,40","13,90M","1,01%"
26.10.2018,"2.082,77","2.139,90","2.139,90","2.082,77","17,91M","-2,80%"
25.10.2018,"2.142,69","2.124,47","2.144,86","2.111,64","20,41M","-0,08%"
24.10.2018,"2.144,40","2.152,52","2.162,72","2.144,40","19,78M","-0,16%"
23.10.2018,"2.147,81","2.178,47","2.178,47","2.147,81","19,31M","-2,06%"
22.10.2018,"2.193,08","2.203,23","2.211,52","2.179,33","16,55M","-0,18%"
19.10.2018,"2.196,99","2.190,10","2.202,16","2.167,21","16,63M","0,41%"
18.10.2018,"2.188,10","2.197,47","2.207,43","2.180,35","16,97M","-0,52%"
17.10.2018,"2.199,53","2.225,11","2.234,08","2.184,03","23,45M","-0,78%"
16.10.2018,"2.216,80","2.176,49","2.216,80","2.176,49","22,09M","2,15%"
15.10.2018,"2.170,05","2.192,17","2.194,50","2.164,36","17,48M","-0,76%"
12.10.2018,"2.186,62","2.174,35","2.195,33","2.174,35","23,95M","1,24%"
11.10.2018,"2.159,88","2.170,37","2.181,01","2.144,00","25,76M","-1,70%"
10.10.2018,"2.197,34","2.254,22","2.257,03","2.192,51","22,30M","-2,40%"
09.10.2018,"2.251,32","2.221,83","2.257,31","2.220,12","19,09M","1,22%"
08.10.2018,"2.224,13","2.259,71","2.259,71","2.224,13","17,48M","-1,77%"
05.10.2018,"2.264,20","2.275,35","2.278,81","2.256,83","23,64M","-0,50%"
04.10.2018,"2.275,65","2.289,13","2.297,06","2.268,78","26,51M","-0,98%"
03.10.2018,"2.298,20","2.288,11","2.305,09","2.283,55","24,32M","0,80%"
02.10.2018,"2.280,04","2.272,46","2.280,04","2.259,38","17,25M","-0,17%"
01.10.2018,"2.284,01","2.290,80","2.320,98","2.281,78","13,92M","-0,05%"
28.09.2018,"2.285,11","2.304,24","2.310,37","2.258,47","27,17M","-1,29%"
27.09.2018,"2.315,07","2.300,58","2.315,07","2.284,49","20,97M","0,46%"
26.09.2018,"2.304,45","2.292,73","2.304,45","2.285,30","18,93M","0,62%"
25.09.2018,"2.290,19","2.285,80","2.310,95","2.280,16","20,45M","0,42%"
24.09.2018,"2.280,60","2.261,65","2.283,58","2.261,65","23,65M","1,02%"
21.09.2018,"2.257,47","2.266,96","2.286,76","2.256,52","143,57M","-0,05%"
20.09.2018,"2.258,63","2.261,41","2.272,24","2.253,60","26,68M","-0,02%"
19.09.2018,"2.259,10","2.239,49","2.269,89","2.221,57","31,90M","1,26%"
18.09.2018,"2.231,04","2.209,74","2.248,51","2.209,74","20,44M","0,91%"
17.09.2018,"2.210,99","2.230,43","2.231,99","2.209,37","21,58M","-0,94%"
14.09.2018,"2.232,07","2.243,41","2.250,02","2.217,53","16,89M","-0,06%"
13.09.2018,"2.233,46","2.213,26","2.250,11","2.213,26","23,60M","1,05%"
12.09.2018,"2.210,16","2.252,17","2.264,81","2.210,16","38,31M","-1,70%"
11.09.2018,"2.248,35","2.262,79","2.271,93","2.234,38","27,93M","-0,99%"
10.09.2018,"2.270,83","2.258,76","2.274,96","2.251,92","19,00M","0,60%"
07.09.2018,"2.257,30","2.294,98","2.303,91","2.253,47","24,02M","-1,56%"
06.09.2018,"2.293,01","2.291,67","2.313,51","2.290,73","22,39M","-0,11%"
05.09.2018,"2.295,51","2.320,80","2.325,39","2.295,51","32,08M","-1,11%"
04.09.2018,"2.321,24","2.361,39","2.377,02","2.312,13","25,19M","-1,46%"
03.09.2018,"2.355,67","2.340,08","2.370,82","2.337,21","14,02M","0,76%"
31.08.2018,"2.337,96","2.348,60","2.352,70","2.333,37","23,79M","-0,68%"
30.08.2018,"2.353,92","2.381,65","2.387,65","2.352,67","24,80M","-1,12%"
29.08.2018,"2.380,68","2.386,53","2.390,36","2.375,47","25,96M","-0,41%"
28.08.2018,"2.390,42","2.374,80","2.395,77","2.361,78","19,47M","0,86%"
27.08.2018,"2.369,97","2.318,85","2.372,83","2.318,85","17,89M","2,48%"
24.08.2018,"2.312,70","2.322,94","2.322,94","2.308,45","15,80M","-0,44%"
23.08.2018,"2.322,86","2.295,14","2.331,93","2.285,59","27,52M","1,19%"
22.08.2018,"2.295,63","2.275,86","2.308,85","2.272,72","20,83M","0,64%"
21.08.2018,"2.281,02","2.241,25","2.286,19","2.241,25","14,06M","2,01%"
20.08.2018,"2.236,08","2.225,55","2.243,71","2.225,55","16,51M","0,83%"
17.08.2018,"2.217,74","2.265,39","2.265,39","2.217,74","16,08M","-1,96%"
16.08.2018,"2.262,10","2.262,45","2.268,24","2.244,42","18,81M","-0,47%"
14.08.2018,"2.272,73","2.268,70","2.285,87","2.252,28","12,66M","0,52%"
13.08.2018,"2.260,88","2.243,43","2.271,34","2.230,73","16,50M","0,61%"
10.08.2018,"2.247,15","2.308,65","2.308,65","2.247,15","24,70M","-3,34%"
09.08.2018,"2.324,73","2.308,44","2.324,73","2.292,39","13,23M","0,76%"
08.08.2018,"2.307,12","2.321,55","2.331,79","2.301,11","21,39M","0,13%"
07.08.2018,"2.304,11","2.295,30","2.309,59","2.291,68","11,83M","0,36%"
06.08.2018,"2.295,82","2.290,10","2.295,82","2.267,30","8,41M","0,39%"
03.08.2018,"2.286,92","2.284,28","2.301,97","2.277,56","10,68M","0,13%"
02.08.2018,"2.283,94","2.309,85","2.309,85","2.278,44","14,95M","-1,36%"
01.08.2018,"2.315,48","2.304,04","2.315,48","2.278,54","19,27M","0,58%"
31.07.2018,"2.302,13","2.322,89","2.327,20","2.294,90","22,47M","-1,10%"
30.07.2018,"2.327,77","2.289,23","2.327,77","2.281,26","15,67M","1,62%"
27.07.2018,"2.290,77","2.306,43","2.309,18","2.285,08","13,81M","-0,60%"
26.07.2018,"2.304,67","2.263,96","2.309,86","2.263,96","21,76M","1,94%"
25.07.2018,"2.260,70","2.250,61","2.268,20","2.236,63","15,24M","0,73%"
24.07.2018,"2.244,27","2.209,65","2.249,28","2.209,65","21,41M","1,80%"
23.07.2018,"2.204,53","2.189,20","2.213,88","2.184,77","17,75M","0,99%"
20.07.2018,"2.182,92","2.142,09","2.182,92","2.138,68","24,53M","1,68%"
19.07.2018,"2.146,82","2.137,60","2.150,64","2.127,36","19,91M","-0,11%"
18.07.2018,"2.149,12","2.155,27","2.167,04","2.140,81","15,72M","-0,19%"
17.07.2018,"2.153,21","2.141,57","2.154,62","2.132,06","16,47M","0,90%"
16.07.2018,"2.133,98","2.155,15","2.165,93","2.133,98","9,57M","-1,07%"
13.07.2018,"2.157,14","2.169,37","2.173,75","2.147,66","11,28M","-0,19%"
12.07.2018,"2.161,20","2.160,13","2.169,94","2.157,49","13,20M","0,32%"
11.07.2018,"2.154,28","2.171,87","2.171,87","2.150,88","13,98M","-1,07%"
10.07.2018,"2.177,67","2.154,32","2.194,86","2.144,66","20,83M","1,21%"
09.07.2018,"2.151,70","2.162,62","2.174,69","2.141,14","11,23M","-0,02%"
06.07.2018,"2.152,06","2.158,24","2.165,15","2.148,83","14,27M","-0,21%"
05.07.2018,"2.156,59","2.164,27","2.184,32","2.154,51","13,92M","-1,19%"
04.07.2018,"2.182,51","2.156,43","2.182,51","2.156,39","9,61M","1,03%"
03.07.2018,"2.160,24","2.125,36","2.162,03","2.123,69","12,36M","1,93%"
02.07.2018,"2.119,31","2.119,70","2.125,11","2.097,76","15,84M","-0,76%"
29.06.2018,"2.135,47","2.111,05","2.135,47","2.111,05","21,96M","1,75%"
28.06.2018,"2.098,75","2.141,71","2.141,71","2.096,93","19,64M","-2,08%"
27.06.2018,"2.143,25","2.149,33","2.154,87","2.129,80","19,42M","-0,47%"
26.06.2018,"2.153,40","2.156,24","2.174,11","2.151,81","18,25M","-0,12%"
25.06.2018,"2.155,90","2.154,93","2.177,65","2.149,03","18,59M","-0,32%"
22.06.2018,"2.162,88","2.158,13","2.174,15","2.155,02","21,10M","0,56%"
21.06.2018,"2.150,91","2.159,39","2.167,56","2.127,92","19,89M","-0,15%"
20.06.2018,"2.154,18","2.126,96","2.176,46","2.126,96","16,67M","1,58%"
19.06.2018,"2.120,75","2.137,66","2.137,66","2.108,10","23,46M","-1,41%"
18.06.2018,"2.150,98","2.203,75","2.209,50","2.146,34","15,52M","-2,36%"
15.06.2018,"2.203,01","2.240,09","2.245,12","2.203,01","47,62M","-1,58%"
14.06.2018,"2.238,39","2.232,51","2.247,99","2.219,84","18,22M","-0,02%"
13.06.2018,"2.238,94","2.256,86","2.256,86","2.227,14","23,77M","-0,60%"
12.06.2018,"2.252,39","2.237,53","2.256,63","2.235,84","17,69M","0,80%"
11.06.2018,"2.234,52","2.259,61","2.266,29","2.229,68","13,89M","-0,69%"
08.06.2018,"2.250,06","2.260,53","2.260,53","2.244,42","17,55M","-0,91%"
07.06.2018,"2.270,75","2.267,32","2.287,02","2.260,17","24,58M","0,62%"
06.06.2018,"2.256,67","2.259,34","2.266,11","2.247,02","23,62M","0,03%"
05.06.2018,"2.255,95","2.217,10","2.255,95","2.197,38","24,15M","2,07%"
04.06.2018,"2.210,10","2.198,46","2.221,05","2.198,35","20,71M","0,91%"
01.06.2018,"2.190,26","2.158,00","2.190,26","2.144,73","30,13M","1,54%"
30.05.2018,"2.157,07","2.186,58","2.186,58","2.151,50","159,37M","-1,59%"
29.05.2018,"2.191,95","2.208,65","2.208,65","2.161,35","36,31M","-1,17%"
28.05.2018,"2.217,87","2.214,87","2.232,88","2.204,55","12,35M","0,21%"
25.05.2018,"2.213,24","2.216,49","2.226,00","2.196,02","29,69M","-0,00%"
24.05.2018,"2.213,26","2.212,23","2.241,43","2.208,72","30,16M","0,18%"
23.05.2018,"2.209,32","2.242,19","2.242,19","2.200,81","28,55M","-1,75%"
22.05.2018,"2.248,71","2.267,88","2.269,15","2.237,66","19,61M","-0,87%"
21.05.2018,"2.268,39","2.231,47","2.272,61","2.231,47","16,85M","1,71%"
18.05.2018,"2.230,32","2.256,15","2.268,61","2.222,17","21,80M","-1,13%"
17.05.2018,"2.255,78","2.269,54","2.280,22","2.253,60","23,79M","-0,88%"
16.05.2018,"2.275,91","2.278,96","2.278,96","2.254,88","21,01M","-0,02%"
15.05.2018,"2.276,45","2.311,71","2.311,71","2.273,50","37,03M","-1,92%"
14.05.2018,"2.321,09","2.328,58","2.333,07","2.308,97","15,06M","-0,36%"
11.05.2018,"2.329,36","2.303,97","2.329,36","2.299,44","16,77M","1,16%"
10.05.2018,"2.302,71","2.292,11","2.311,55","2.279,41","26,55M","0,95%"
09.05.2018,"2.281,12","2.236,49","2.282,00","2.236,49","22,33M","2,00%"
08.05.2018,"2.236,40","2.215,62","2.236,40","2.210,68","26,74M","1,00%"
07.05.2018,"2.214,36","2.242,80","2.251,42","2.213,06","11,50M","-0,85%"
04.05.2018,"2.233,35","2.280,50","2.280,50","2.227,94","18,29M","-2,56%"
02.05.2018,"2.291,92","2.291,87","2.306,05","2.284,35","15,07M","0,00%"
30.04.2018,"2.291,87","2.277,25","2.298,23","2.277,11","12,11M","0,68%"
27.04.2018,"2.276,41","2.286,49","2.291,15","2.271,05","16,39M","-0,30%"
26.04.2018,"2.283,15","2.257,11","2.284,31","2.253,30","18,87M","1,16%"
25.04.2018,"2.257,00","2.266,88","2.276,97","2.253,15","20,47M","-0,53%"
24.04.2018,"2.269,06","2.296,24","2.315,26","2.269,06","20,94M","-0,98%"
23.04.2018,"2.291,59","2.299,31","2.309,34","2.289,68","17,63M","-0,29%"
20.04.2018,"2.298,20","2.322,32","2.334,22","2.298,20","21,45M","-1,14%"
19.04.2018,"2.324,73","2.310,94","2.341,94","2.308,03","17,01M","0,40%"
18.04.2018,"2.315,50","2.306,43","2.316,06","2.293,11","20,96M","0,33%"
17.04.2018,"2.307,95","2.304,58","2.310,61","2.291,39","16,63M","0,34%"
16.04.2018,"2.300,20","2.311,13","2.313,96","2.291,08","10,68M","-0,44%"
13.04.2018,"2.310,32","2.310,75","2.321,97","2.304,72","18,52M","0,17%"
12.04.2018,"2.306,44","2.270,78","2.310,67","2.267,99","21,92M","1,52%"
11.04.2018,"2.271,93","2.274,22","2.287,53","2.254,20","25,20M","-0,13%"
10.04.2018,"2.274,81","2.280,21","2.287,35","2.253,65","30,39M","0,56%"
09.04.2018,"2.262,16","2.261,72","2.288,20","2.248,23","23,03M","0,15%"
06.04.2018,"2.258,80","2.244,33","2.268,22","2.231,61","16,92M","0,68%"
05.04.2018,"2.243,58","2.222,86","2.247,25","2.222,86","16,92M","1,94%"
04.04.2018,"2.200,99","2.238,25","2.238,25","2.197,99","20,73M","-1,70%"
03.04.2018,"2.239,15","2.211,17","2.249,40","2.199,53","18,92M","1,30%"
29.03.2018,"2.210,38","2.215,94","2.227,06","2.210,26","17,31M","0,30%"
28.03.2018,"2.203,70","2.238,85","2.238,85","2.192,91","28,63M","-1,90%"
27.03.2018,"2.246,32","2.258,98","2.283,33","2.246,32","19,03M","0,25%"
26.03.2018,"2.240,65","2.260,83","2.270,45","2.238,74","16,79M","-0,73%"
23.03.2018,"2.257,22","2.254,88","2.265,16","2.230,87","22,17M","-0,74%"
22.03.2018,"2.274,10","2.313,07","2.329,54","2.266,96","28,59M","-2,01%"
21.03.2018,"2.320,77","2.268,87","2.322,94","2.268,87","26,44M","2,14%"
20.03.2018,"2.272,09","2.250,26","2.278,69","2.237,96","22,18M","1,05%"
19.03.2018,"2.248,53","2.285,14","2.291,00","2.248,53","16,20M","-1,60%"
16.03.2018,"2.285,08","2.320,19","2.324,41","2.280,75","62,26M","-1,58%"
15.03.2018,"2.321,87","2.343,78","2.354,45","2.319,47","21,05M","-0,60%"
14.03.2018,"2.335,97","2.353,74","2.355,06","2.332,48","28,55M","-0,72%"
13.03.2018,"2.353,02","2.379,28","2.380,12","2.349,35","23,99M","-1,08%"
12.03.2018,"2.378,72","2.362,62","2.380,48","2.359,56","17,17M","1,03%"
09.03.2018,"2.354,54","2.322,03","2.354,54","2.295,87","23,88M","1,40%"
08.03.2018,"2.322,09","2.362,53","2.362,53","2.320,21","23,04M","-1,59%"
07.03.2018,"2.359,57","2.327,37","2.363,38","2.317,42","25,35M","0,86%"
06.03.2018,"2.339,51","2.344,54","2.351,07","2.331,30","18,83M","0,40%"
05.03.2018,"2.330,10","2.303,10","2.330,10","2.296,48","14,02M","0,69%"
02.03.2018,"2.314,23","2.327,98","2.330,15","2.298,69","23,19M","-0,89%"
01.03.2018,"2.334,96","2.361,73","2.365,51","2.316,63","30,07M","-1,24%"
28.02.2018,"2.364,32","2.410,71","2.410,71","2.364,32","34,96M","-2,36%"
27.02.2018,"2.421,51","2.417,07","2.429,65","2.411,49","23,94M","0,53%"
26.02.2018,"2.408,63","2.418,02","2.429,68","2.403,09","11,84M","0,10%"
23.02.2018,"2.406,11","2.412,41","2.427,26","2.393,61","16,01M","-0,19%"
22.02.2018,"2.410,69","2.389,87","2.416,42","2.372,06","26,23M","0,22%"
21.02.2018,"2.405,47","2.409,27","2.411,07","2.392,71","18,15M","-0,32%"
20.02.2018,"2.413,23","2.404,56","2.415,33","2.392,16","7,94M","0,20%"
19.02.2018,"2.408,49","2.409,93","2.420,91","2.399,39","7,44M","0,06%"
16.02.2018,"2.406,96","2.445,40","2.448,61","2.396,54","13,45M","-0,69%"
15.02.2018,"2.423,57","2.461,15","2.473,58","2.423,57","17,93M","-1,07%"
14.02.2018,"2.449,79","2.439,12","2.449,79","2.413,79","19,55M","0,75%"
13.02.2018,"2.431,67","2.417,65","2.431,67","2.416,23","19,28M","0,71%"
12.02.2018,"2.414,41","2.402,18","2.430,88","2.402,18","15,32M","1,33%"
09.02.2018,"2.382,79","2.396,78","2.409,64","2.375,41","32,36M","-0,98%"
08.02.2018,"2.406,48","2.440,29","2.445,80","2.406,48","21,04M","-1,44%"
07.02.2018,"2.441,67","2.426,89","2.441,67","2.421,19","26,69M","1,23%"
06.02.2018,"2.412,03","2.445,53","2.450,47","2.401,89","32,49M","-3,75%"
05.02.2018,"2.505,98","2.492,39","2.508,70","2.482,56","17,94M","-0,05%"
02.02.2018,"2.507,24","2.526,55","2.530,02","2.502,95","17,74M","-1,06%"
01.02.2018,"2.534,21","2.558,83","2.580,23","2.511,05","17,53M","-0,77%"
31.01.2018,"2.553,81","2.565,29","2.577,48","2.553,81","17,99M","-0,48%"
30.01.2018,"2.566,14","2.581,75","2.581,75","2.557,59","17,76M","-1,05%"
29.01.2018,"2.593,40","2.599,20","2.607,83","2.583,40","14,46M","-0,27%"
26.01.2018,"2.600,48","2.592,23","2.601,99","2.587,26","19,19M","0,43%"
25.01.2018,"2.589,30","2.614,92","2.616,47","2.587,95","20,92M","-1,23%"
24.01.2018,"2.621,59","2.629,40","2.630,21","2.606,34","19,31M","-0,33%"
23.01.2018,"2.630,37","2.629,53","2.650,16","2.613,07","28,51M","0,36%"
22.01.2018,"2.620,87","2.600,44","2.621,93","2.599,95","17,12M","0,73%"
19.01.2018,"2.601,82","2.592,75","2.604,46","2.589,89","14,91M","0,41%"
18.01.2018,"2.591,22","2.604,79","2.610,63","2.591,22","17,71M","-0,35%"
17.01.2018,"2.600,37","2.587,72","2.606,59","2.584,69","20,61M","0,36%"
16.01.2018,"2.591,10","2.541,61","2.602,34","2.529,68","30,69M","1,91%"
15.01.2018,"2.542,65","2.535,37","2.546,66","2.523,83","9,11M","0,13%"
12.01.2018,"2.539,29","2.536,81","2.550,79","2.527,02","17,34M","0,19%"
11.01.2018,"2.534,56","2.517,35","2.534,56","2.504,67","24,59M","0,93%"
10.01.2018,"2.511,27","2.531,05","2.531,60","2.499,76","20,88M","-0,68%"
09.01.2018,"2.528,38","2.552,50","2.555,69","2.522,21","23,98M","-0,79%"
08.01.2018,"2.548,61","2.534,53","2.551,32","2.529,45","20,12M","0,75%"
05.01.2018,"2.529,55","2.530,77","2.538,34","2.514,09","24,86M","-0,14%"
04.01.2018,"2.533,17","2.473,23","2.536,84","2.473,23","30,46M","2,84%"
03.01.2018,"2.463,25","2.463,26","2.474,76","2.430,69","20,68M","0,08%"
29.12.2017,"2.461,21","2.479,48","2.481,71","2.452,07","14,24M","-0,77%"
28.12.2017,"2.480,25","2.475,48","2.484,41","2.464,31","14,43M","-0,02%"
27.12.2017,"2.480,63","2.445,51","2.480,63","2.445,51","16,98M","1,43%"
22.12.2017,"2.445,65","2.462,69","2.468,27","2.445,65","10,11M","-0,73%"
21.12.2017,"2.463,59","2.460,57","2.467,89","2.450,37","14,93M","0,17%"
20.12.2017,"2.459,33","2.455,50","2.473,47","2.453,77","16,78M","0,14%"
19.12.2017,"2.455,99","2.465,96","2.478,97","2.455,99","14,65M","-0,41%"
18.12.2017,"2.466,08","2.420,28","2.466,08","2.420,28","16,87M","2,03%"
15.12.2017,"2.416,95","2.430,72","2.432,48","2.402,95","39,45M","-0,73%"
14.12.2017,"2.434,61","2.405,42","2.434,61","2.404,08","25,03M","1,04%"
13.12.2017,"2.409,46","2.411,34","2.415,97","2.400,94","16,89M","-0,17%"
12.12.2017,"2.413,68","2.385,06","2.413,68","2.375,20","23,13M","1,12%"
11.12.2017,"2.386,93","2.410,81","2.417,30","2.381,80","13,45M","-0,91%"
08.12.2017,"2.408,83","2.400,60","2.426,90","2.397,88","24,55M","0,65%"
07.12.2017,"2.393,34","2.396,49","2.414,00","2.378,22","30,21M","-0,06%"
06.12.2017,"2.394,67","2.400,90","2.405,69","2.383,18","28,56M","-0,54%"
05.12.2017,"2.407,72","2.403,25","2.423,52","2.396,60","16,61M","0,15%"
04.12.2017,"2.404,15","2.392,69","2.424,97","2.370,52","18,50M","0,60%"
01.12.2017,"2.389,92","2.411,13","2.430,44","2.376,91","20,57M","-0,78%"
30.11.2017,"2.408,69","2.436,48","2.449,14","2.408,69","44,73M","-1,13%"
29.11.2017,"2.436,24","2.491,96","2.506,20","2.436,24","17,02M","-1,99%"
28.11.2017,"2.485,71","2.494,79","2.498,45","2.473,94","18,23M","-0,46%"
27.11.2017,"2.497,15","2.477,97","2.504,29","2.471,74","13,57M","0,72%"
24.11.2017,"2.479,25","2.502,59","2.518,04","2.478,62","11,57M","-0,99%"
23.11.2017,"2.503,93","2.482,04","2.514,94","2.473,79","11,57M","0,58%"
22.11.2017,"2.489,50","2.490,63","2.500,37","2.472,85","18,17M","0,02%"
21.11.2017,"2.489,08","2.469,21","2.496,62","2.465,91","21,24M","0,85%"
20.11.2017,"2.468,09","2.438,15","2.470,34","2.431,37","14,08M","0,99%"
17.11.2017,"2.443,83","2.412,64","2.445,70","2.410,81","13,23M","1,36%"
16.11.2017,"2.411,11","2.428,52","2.438,67","2.409,42","24,88M","-0,32%"
15.11.2017,"2.418,96","2.460,26","2.460,26","2.412,78","17,08M","-1,84%"
14.11.2017,"2.464,35","2.464,53","2.477,10","2.456,17","20,01M","0,40%"
13.11.2017,"2.454,60","2.458,90","2.472,26","2.442,08","26,69M","-0,12%"
10.11.2017,"2.457,62","2.477,93","2.482,26","2.456,04","26,89M","-0,83%"
09.11.2017,"2.478,21","2.513,25","2.513,88","2.466,03","20,89M","-1,40%"
08.11.2017,"2.513,34","2.545,38","2.548,95","2.512,40","20,13M","-0,91%"
07.11.2017,"2.536,37","2.521,05","2.566,59","2.521,05","23,71M","0,84%"
06.11.2017,"2.515,34","2.497,52","2.522,12","2.486,33","14,10M","0,83%"
03.11.2017,"2.494,52","2.503,49","2.509,59","2.483,21","16,36M","-0,28%"
02.11.2017,"2.501,40","2.524,52","2.532,85","2.496,85","15,11M","-0,93%"
31.10.2017,"2.524,90","2.514,24","2.524,90","2.504,11","15,67M","0,31%"
30.10.2017,"2.517,03","2.490,80","2.521,41","2.490,80","12,46M","1,15%"
27.10.2017,"2.488,50","2.462,46","2.492,93","2.454,83","25,52M","1,32%"
26.10.2017,"2.456,17","2.452,47","2.463,63","2.441,88","30,67M","0,26%"
25.10.2017,"2.449,89","2.449,02","2.466,39","2.443,27","13,71M","0,06%"
24.10.2017,"2.448,45","2.468,98","2.474,35","2.447,09","20,89M","-1,01%"
23.10.2017,"2.473,42","2.466,64","2.487,81","2.466,64","14,76M","0,32%"
20.10.2017,"2.465,51","2.473,82","2.486,56","2.457,52","19,16M","-0,08%"
19.10.2017,"2.467,49","2.490,24","2.501,36","2.465,78","20,08M","-1,39%"
18.10.2017,"2.502,34","2.518,16","2.526,25","2.502,34","18,13M","-0,48%"
17.10.2017,"2.514,36","2.534,17","2.538,75","2.514,36","20,08M","-0,80%"
16.10.2017,"2.534,52","2.528,44","2.546,95","2.528,44","15,73M","0,25%"
13.10.2017,"2.528,16","2.538,56","2.546,32","2.528,16","14,28M","-0,38%"
12.10.2017,"2.537,69","2.557,48","2.566,02","2.536,52","21,37M","-0,55%"
11.10.2017,"2.551,78","2.520,81","2.556,95","2.519,87","32,74M","1,40%"
10.10.2017,"2.516,49","2.506,81","2.519,73","2.503,89","15,67M","0,69%"
09.10.2017,"2.499,35","2.483,61","2.499,35","2.479,67","11,98M","0,80%"
06.10.2017,"2.479,46","2.466,00","2.485,35","2.463,56","20,00M","0,65%"
05.10.2017,"2.463,45","2.444,16","2.469,80","2.439,73","17,93M","0,79%"
04.10.2017,"2.444,19","2.470,39","2.489,93","2.443,82","25,13M","-1,03%"
03.10.2017,"2.469,51","2.471,22","2.488,67","2.465,90","19,84M","-0,00%"
02.10.2017,"2.469,58","2.459,84","2.480,47","2.456,08","15,27M","0,66%"
29.09.2017,"2.453,46","2.430,17","2.462,04","2.430,17","19,54M","1,09%"
28.09.2017,"2.427,04","2.430,81","2.440,40","2.422,97","18,05M","-0,28%"
27.09.2017,"2.433,82","2.447,67","2.456,47","2.430,03","12,15M","-0,39%"
26.09.2017,"2.443,34","2.452,04","2.461,48","2.437,15","14,17M","-0,40%"
25.09.2017,"2.453,15","2.479,08","2.485,20","2.453,15","12,08M","-1,11%"
22.09.2017,"2.480,73","2.464,57","2.481,28","2.460,28","16,70M","0,49%"
21.09.2017,"2.468,72","2.501,16","2.501,16","2.464,53","18,55M","-1,24%"
20.09.2017,"2.499,63","2.505,52","2.518,10","2.480,20","12,88M","-0,13%"
19.09.2017,"2.502,81","2.495,79","2.512,63","2.495,79","16,35M","0,04%"
18.09.2017,"2.501,75","2.503,74","2.525,41","2.497,10","15,09M","0,14%"
15.09.2017,"2.498,32","2.507,00","2.514,27","2.492,89","44,02M","-0,36%"
14.09.2017,"2.507,43","2.502,15","2.511,08","2.498,32","20,55M","0,29%"
13.09.2017,"2.500,16","2.507,73","2.522,25","2.499,45","18,01M","-0,23%"
12.09.2017,"2.505,88","2.518,15","2.536,08","2.500,09","18,66M","-0,30%"
11.09.2017,"2.513,44","2.489,43","2.524,21","2.489,43","17,10M","1,20%"
08.09.2017,"2.483,58","2.488,67","2.499,63","2.479,83","18,17M","-0,33%"
07.09.2017,"2.491,79","2.511,82","2.528,65","2.482,13","24,76M","-0,82%"
06.09.2017,"2.512,40","2.512,11","2.528,30","2.506,30","18,70M","-0,20%"
05.09.2017,"2.517,45","2.521,04","2.550,74","2.513,24","20,40M","-0,08%"
04.09.2017,"2.519,42","2.513,38","2.525,72","2.508,27","15,06M","-0,32%"
01.09.2017,"2.527,62","2.512,46","2.528,82","2.508,86","15,90M","0,45%"
31.08.2017,"2.516,26","2.520,23","2.532,83","2.501,59","26,15M","-0,33%"
30.08.2017,"2.524,57","2.507,29","2.537,24","2.503,35","24,31M","1,08%"
29.08.2017,"2.497,58","2.525,41","2.525,41","2.479,35","23,90M","-1,33%"
28.08.2017,"2.531,31","2.474,13","2.534,04","2.470,06","21,49M","2,41%"
25.08.2017,"2.471,74","2.464,81","2.481,63","2.459,27","19,64M","0,63%"
24.08.2017,"2.456,27","2.395,30","2.456,82","2.395,30","28,82M","2,73%"
23.08.2017,"2.391,06","2.387,52","2.395,62","2.374,66","14,97M","0,16%"
22.08.2017,"2.387,24","2.380,47","2.393,15","2.376,43","18,20M","0,42%"
21.08.2017,"2.377,28","2.358,89","2.378,20","2.350,86","18,08M","0,74%"
18.08.2017,"2.359,87","2.346,80","2.359,87","2.338,60","18,98M","0,28%"
17.08.2017,"2.353,18","2.378,87","2.381,49","2.353,18","22,42M","-1,18%"
16.08.2017,"2.381,18","2.378,88","2.401,17","2.378,88","24,49M","0,19%"
14.08.2017,"2.376,66","2.375,77","2.388,28","2.374,89","12,26M","0,21%"
11.08.2017,"2.371,72","2.373,71","2.379,21","2.364,30","17,59M","-0,46%"
10.08.2017,"2.382,67","2.403,19","2.412,20","2.378,92","20,44M","-1,06%"
09.08.2017,"2.408,11","2.420,38","2.420,38","2.391,26","18,51M","-0,70%"
08.08.2017,"2.425,02","2.387,51","2.425,02","2.383,14","17,92M","1,54%"
07.08.2017,"2.388,21","2.380,96","2.391,39","2.376,42","12,89M","0,34%"
04.08.2017,"2.380,16","2.365,84","2.385,36","2.365,84","14,22M","0,62%"
03.08.2017,"2.365,48","2.365,65","2.374,80","2.353,22","19,91M","-0,02%"
02.08.2017,"2.366,06","2.387,69","2.397,40","2.363,84","23,66M","-0,85%"
01.08.2017,"2.386,40","2.377,03","2.387,16","2.366,02","21,99M","0,52%"
31.07.2017,"2.374,17","2.357,45","2.388,25","2.356,82","27,54M","0,58%"
28.07.2017,"2.360,42","2.344,85","2.360,83","2.331,71","23,28M","0,40%"
27.07.2017,"2.350,91","2.361,54","2.363,85","2.343,57","19,42M","-0,40%"
26.07.2017,"2.360,26","2.344,28","2.363,74","2.344,28","16,09M","0,81%"
25.07.2017,"2.341,36","2.337,80","2.346,12","2.328,87","25,05M","0,29%"
24.07.2017,"2.334,69","2.344,63","2.345,94","2.329,49","13,87M","-0,36%"
21.07.2017,"2.343,10","2.356,90","2.370,28","2.342,42","20,64M","-0,65%"
20.07.2017,"2.358,50","2.375,73","2.387,10","2.357,35","24,81M","-0,67%"
19.07.2017,"2.374,31","2.364,00","2.378,42","2.362,34","22,26M","0,57%"
18.07.2017,"2.360,75","2.367,99","2.381,08","2.355,40","18,68M","-0,48%"
17.07.2017,"2.372,17","2.353,46","2.379,20","2.353,46","18,29M","0,92%"
14.07.2017,"2.350,43","2.349,47","2.351,05","2.333,11","20,60M","-0,02%"
13.07.2017,"2.350,83","2.335,49","2.350,83","2.333,08","32,08M","0,40%"
12.07.2017,"2.341,54","2.297,08","2.343,27","2.297,08","30,80M","1,91%"
11.07.2017,"2.297,73","2.303,48","2.312,57","2.294,20","17,64M","-0,13%"
10.07.2017,"2.300,66","2.305,52","2.316,01","2.290,47","13,26M","0,21%"
07.07.2017,"2.295,82","2.299,26","2.306,23","2.290,98","13,06M","-0,21%"
06.07.2017,"2.300,74","2.309,29","2.323,94","2.288,76","13,31M","-0,29%"
05.07.2017,"2.307,49","2.298,75","2.307,87","2.294,14","19,00M","0,58%"
04.07.2017,"2.294,27","2.317,64","2.317,64","2.293,08","12,07M","-1,27%"
03.07.2017,"2.323,74","2.305,25","2.323,74","2.301,55","10,84M","1,04%"
30.06.2017,"2.299,80","2.324,71","2.329,24","2.297,08","20,12M","-1,26%"
29.06.2017,"2.329,26","2.334,50","2.350,41","2.315,39","15,56M","0,07%"
28.06.2017,"2.327,68","2.343,41","2.343,41","2.322,38","18,70M","-0,74%"
27.06.2017,"2.345,05","2.334,82","2.355,53","2.332,27","23,10M","0,31%"
26.06.2017,"2.337,69","2.313,84","2.351,61","2.313,84","16,79M","1,44%"
23.06.2017,"2.304,48","2.305,70","2.317,13","2.302,88","21,77M","-0,16%"
22.06.2017,"2.308,16","2.313,60","2.323,43","2.300,68","18,95M","-0,47%"
21.06.2017,"2.319,13","2.295,92","2.319,13","2.280,63","28,21M","0,71%"
20.06.2017,"2.302,83","2.327,84","2.327,84","2.297,65","19,69M","-1,35%"
19.06.2017,"2.334,27","2.312,63","2.337,06","2.312,63","26,72M","1,29%"
16.06.2017,"2.304,50","2.293,17","2.315,37","2.290,96","35,24M","0,37%"
14.06.2017,"2.295,99","2.301,42","2.311,02","2.288,64","23,32M","-0,28%"
13.06.2017,"2.302,41","2.297,30","2.310,42","2.284,71","16,78M","0,32%"
12.06.2017,"2.295,01","2.329,90","2.329,90","2.288,64","16,47M","-1,53%"
09.06.2017,"2.330,72","2.339,71","2.355,79","2.330,72","20,80M","-0,41%"
08.06.2017,"2.340,23","2.310,69","2.343,56","2.300,75","24,47M","1,37%"
07.06.2017,"2.308,64","2.308,36","2.328,34","2.305,34","27,35M","0,22%"
06.06.2017,"2.303,68","2.270,87","2.307,50","2.257,98","19,90M","1,22%"
05.06.2017,"2.276,01","2.301,67","2.302,40","2.271,97","16,07M","-1,18%"
02.06.2017,"2.303,21","2.292,38","2.303,21","2.289,42","19,61M","1,10%"
01.06.2017,"2.278,26","2.283,62","2.289,82","2.267,37","25,96M","-0,13%"
31.05.2017,"2.281,18","2.292,96","2.317,62","2.277,06","49,62M","-0,48%"
30.05.2017,"2.292,27","2.315,74","2.315,74","2.286,41","17,73M","-1,35%"
29.05.2017,"2.323,58","2.326,69","2.331,27","2.314,70","6,71M","-0,12%"
26.05.2017,"2.326,28","2.353,12","2.354,58","2.326,28","16,85M","-1,36%"
25.05.2017,"2.358,41","2.339,54","2.363,03","2.339,54","31,90M","1,44%"
24.05.2017,"2.324,99","2.305,98","2.324,99","2.292,01","23,59M","0,74%"
23.05.2017,"2.307,84","2.339,18","2.342,23","2.305,86","18,97M","-1,51%"
22.05.2017,"2.343,13","2.336,02","2.346,84","2.304,80","20,46M","0,62%"
19.05.2017,"2.328,70","2.297,16","2.334,82","2.292,35","21,63M","1,46%"
18.05.2017,"2.295,14","2.299,09","2.311,20","2.263,06","22,98M","-0,31%"
17.05.2017,"2.302,21","2.330,87","2.337,51","2.301,12","28,73M","-1,63%"
16.05.2017,"2.340,34","2.375,63","2.380,39","2.323,57","23,04M","-1,55%"
15.05.2017,"2.377,15","2.378,39","2.388,70","2.361,82","16,60M","0,37%"
12.05.2017,"2.368,50","2.367,93","2.374,62","2.358,91","28,75M","0,15%"
11.05.2017,"2.364,93","2.381,66","2.408,99","2.361,00","34,95M","-0,64%"
10.05.2017,"2.380,25","2.409,88","2.419,08","2.375,44","23,43M","-1,38%"
09.05.2017,"2.413,53","2.378,66","2.414,73","2.376,17","23,81M","1,66%"
08.05.2017,"2.374,23","2.389,80","2.394,29","2.360,64","19,66M","-0,33%"
05.05.2017,"2.382,17","2.367,91","2.385,44","2.349,24","26,51M","0,05%"
04.05.2017,"2.381,00","2.395,19","2.422,31","2.365,66","39,73M","-0,46%"
02.05.2017,"2.392,09","2.381,68","2.398,73","2.381,68","19,79M","0,64%"
28.04.2017,"2.376,87","2.384,53","2.399,24","2.368,94","27,64M","-0,25%"
27.04.2017,"2.382,78","2.378,56","2.393,45","2.371,98","26,21M","-0,05%"
26.04.2017,"2.383,97","2.354,17","2.387,66","2.342,28","30,80M","1,31%"
25.04.2017,"2.353,17","2.300,42","2.353,17","2.300,42","25,37M","2,45%"
24.04.2017,"2.296,90","2.283,16","2.304,25","2.283,16","19,95M","1,45%"
21.04.2017,"2.264,07","2.287,86","2.300,71","2.259,11","25,88M","-0,95%"
20.04.2017,"2.285,82","2.273,77","2.291,55","2.267,55","27,11M","0,49%"
19.04.2017,"2.274,69","2.243,91","2.276,46","2.243,38","29,98M","1,67%"
18.04.2017,"2.237,36","2.237,96","2.259,53","2.231,06","25,38M","0,17%"
13.04.2017,"2.233,63","2.216,92","2.238,09","2.214,26","21,12M","0,88%"
12.04.2017,"2.214,06","2.223,29","2.238,45","2.212,60","22,53M","-0,35%"
11.04.2017,"2.221,82","2.241,61","2.253,02","2.206,89","23,44M","-0,99%"
10.04.2017,"2.244,02","2.250,93","2.255,25","2.243,26","12,88M","-0,19%"
07.04.2017,"2.248,33","2.250,06","2.255,72","2.233,49","17,34M","-0,27%"
06.04.2017,"2.254,47","2.243,86","2.254,47","2.228,48","16,51M","0,04%"
05.04.2017,"2.253,64","2.238,79","2.262,18","2.237,34","19,89M","0,64%"
04.04.2017,"2.239,30","2.215,65","2.245,98","2.212,81","16,06M","0,87%"
03.04.2017,"2.219,88","2.188,57","2.223,94","2.188,57","15,15M","2,02%"
31.03.2017,"2.175,96","2.203,46","2.206,23","2.175,96","25,58M","-1,50%"
30.03.2017,"2.209,10","2.218,61","2.221,62","2.187,93","22,10M","-0,24%"
29.03.2017,"2.214,45","2.235,73","2.246,31","2.202,80","22,06M","-0,49%"
28.03.2017,"2.225,41","2.209,06","2.225,41","2.208,01","20,40M","1,07%"
27.03.2017,"2.201,88","2.215,30","2.215,30","2.189,23","15,55M","-1,47%"
24.03.2017,"2.234,82","2.235,16","2.245,11","2.222,71","14,35M","-0,02%"
23.03.2017,"2.235,33","2.216,35","2.236,92","2.213,96","24,46M","0,52%"
22.03.2017,"2.223,84","2.230,81","2.230,81","2.204,96","25,58M","-1,28%"
21.03.2017,"2.252,57","2.280,19","2.301,34","2.243,34","25,94M","-1,27%"
20.03.2017,"2.281,45","2.294,85","2.295,07","2.265,28","16,58M","-0,68%"
17.03.2017,"2.296,97","2.285,74","2.308,92","2.284,23","62,88M","0,58%"
16.03.2017,"2.283,70","2.246,85","2.285,17","2.246,85","30,88M","2,41%"
15.03.2017,"2.229,87","2.244,71","2.246,33","2.228,72","26,09M","-0,38%"
14.03.2017,"2.238,38","2.242,95","2.249,26","2.228,74","35,07M","-0,19%"
13.03.2017,"2.242,55","2.200,20","2.242,55","2.200,20","21,40M","1,93%"
10.03.2017,"2.200,03","2.195,42","2.224,01","2.195,42","24,59M","0,47%"
09.03.2017,"2.189,66","2.215,88","2.215,88","2.167,04","33,50M","-1,07%"
08.03.2017,"2.213,24","2.196,62","2.216,67","2.196,62","24,39M","0,56%"
07.03.2017,"2.200,98","2.212,81","2.217,31","2.198,21","27,29M","-0,74%"
06.03.2017,"2.217,41","2.232,66","2.240,03","2.211,05","23,45M","-0,70%"
03.03.2017,"2.232,98","2.244,31","2.248,09","2.228,38","35,07M","-0,95%"
02.03.2017,"2.254,51","2.256,56","2.269,47","2.241,45","38,92M","0,02%"
01.03.2017,"2.253,96","2.195,25","2.259,60","2.195,25","33,22M","2,86%"
28.02.2017,"2.191,25","2.214,22","2.216,98","2.187,79","32,15M","-0,86%"
27.02.2017,"2.210,26","2.212,87","2.223,76","2.199,40","18,27M","-0,08%"
24.02.2017,"2.212,04","2.252,39","2.253,93","2.202,39","29,66M","-1,95%"
23.02.2017,"2.256,01","2.249,81","2.272,01","2.241,82","26,06M","0,22%"
